MainID,NAME,STATE_NAME
0,Autauga County,Alabama
1,Baldwin County,Alabama
2,Barbour County,Alabama
3,Bibb County,Alabama
4,Blount County,Alabama
5,Bullock County,Alabama
6,Butler County,Alabama
7,Calhoun County,Alabama
8,Chambers County,Alabama
9,Cherokee County,Alabama
10,Chilton County,Alabama
11,Choctaw County,Alabama
12,Clarke County,Alabama
13,Clay County,Alabama
14,Cleburne County,Alabama
15,Coffee County,Alabama
16,Colbert County,Alabama
17,Conecuh County,Alabama
18,Coosa County,Alabama
19,Covington County,Alabama
20,Crenshaw County,Alabama
21,Cullman County,Alabama
22,Dale County,Alabama
23,Dallas County,Alabama
24,DeKalb County,Alabama
25,Elmore County,Alabama
26,Escambia County,Alabama
27,Etowah County,Alabama
28,Fayette County,Alabama
29,Franklin County,Alabama
30,Geneva County,Alabama
31,Greene County,Alabama
32,Hale County,Alabama
33,Henry County,Alabama
34,Houston County,Alabama
35,Jackson County,Alabama
36,Jefferson County,Alabama
37,Lamar County,Alabama
38,Lauderdale County,Alabama
39,Lawrence County,Alabama
40,Lee County,Alabama
41,Limestone County,Alabama
42,Lowndes County,Alabama
43,Macon County,Alabama
44,Madison County,Alabama
45,Marengo County,Alabama
46,Marion County,Alabama
47,Marshall County,Alabama
48,Mobile County,Alabama
49,Monroe County,Alabama
50,Montgomery County,Alabama
51,Morgan County,Alabama
52,Perry County,Alabama
53,Pickens County,Alabama
54,Pike County,Alabama
55,Randolph County,Alabama
56,Russell County,Alabama
57,St. Clair County,Alabama
58,Shelby County,Alabama
59,Sumter County,Alabama
60,Talladega County,Alabama
61,Tallapoosa County,Alabama
62,Tuscaloosa County,Alabama
63,Walker County,Alabama
64,Washington County,Alabama
65,Wilcox County,Alabama
66,Winston County,Alabama
67,Aleutians East Borough,Alaska
68,Aleutians West Census Area,Alaska
69,Anchorage Municipality,Alaska
70,Bethel Census Area,Alaska
71,Bristol Bay Borough,Alaska
72,Denali Borough,Alaska
73,Dillingham Census Area,Alaska
74,Fairbanks North Star Borough,Alaska
75,Haines Borough,Alaska
76,Hoonah-Angoon Census Area,Alaska
77,Juneau City and Borough,Alaska
78,Kenai Peninsula Borough,Alaska
79,Ketchikan Gateway Borough,Alaska
80,Kodiak Island Borough,Alaska
81,Kusilvak Census Area,Alaska
82,Lake and Peninsula Borough,Alaska
83,Matanuska-Susitna Borough,Alaska
84,Nome Census Area,Alaska
85,North Slope Borough,Alaska
86,Northwest Arctic Borough,Alaska
87,Prince of Wales-Hyder Census Area,Alaska
88,Sitka City and Borough,Alaska
89,Skagway Municipality,Alaska
90,Southeast Fairbanks Census Area,Alaska
91,Wrangell City and Borough,Alaska
92,Yukon-Koyukuk Census Area,Alaska
93,Apache County,Arizona
94,Cochise County,Arizona
95,Coconino County,Arizona
96,Gila County,Arizona
97,Graham County,Arizona
98,Greenlee County,Arizona
99,La Paz County,Arizona
100,Maricopa County,Arizona
101,Mohave County,Arizona
102,Navajo County,Arizona
103,Pima County,Arizona
104,Pinal County,Arizona
105,Santa Cruz County,Arizona
106,Yavapai County,Arizona
107,Yuma County,Arizona
108,Arkansas County,Arkansas
109,Ashley County,Arkansas
110,Baxter County,Arkansas
111,Benton County,Arkansas
112,Boone County,Arkansas
113,Bradley County,Arkansas
114,Calhoun County,Arkansas
115,Carroll County,Arkansas
116,Chicot County,Arkansas
117,Clark County,Arkansas
118,Clay County,Arkansas
119,Cleburne County,Arkansas
120,Cleveland County,Arkansas
121,Columbia County,Arkansas
122,Conway County,Arkansas
123,Craighead County,Arkansas
124,Crawford County,Arkansas
125,Crittenden County,Arkansas
126,Cross County,Arkansas
127,Dallas County,Arkansas
128,Desha County,Arkansas
129,Drew County,Arkansas
130,Faulkner County,Arkansas
131,Franklin County,Arkansas
132,Fulton County,Arkansas
133,Garland County,Arkansas
134,Grant County,Arkansas
135,Greene County,Arkansas
136,Hempstead County,Arkansas
137,Hot Spring County,Arkansas
138,Howard County,Arkansas
139,Independence County,Arkansas
140,Izard County,Arkansas
141,Jackson County,Arkansas
142,Jefferson County,Arkansas
143,Johnson County,Arkansas
144,Lafayette County,Arkansas
145,Lawrence County,Arkansas
146,Lee County,Arkansas
147,Lincoln County,Arkansas
148,Little River County,Arkansas
149,Logan County,Arkansas
150,Lonoke County,Arkansas
151,Madison County,Arkansas
152,Marion County,Arkansas
153,Miller County,Arkansas
154,Mississippi County,Arkansas
155,Monroe County,Arkansas
156,Montgomery County,Arkansas
157,Nevada County,Arkansas
158,Newton County,Arkansas
159,Ouachita County,Arkansas
160,Perry County,Arkansas
161,Phillips County,Arkansas
162,Pike County,Arkansas
163,Poinsett County,Arkansas
164,Polk County,Arkansas
165,Pope County,Arkansas
166,Prairie County,Arkansas
167,Pulaski County,Arkansas
168,Randolph County,Arkansas
169,St. Francis County,Arkansas
170,Saline County,Arkansas
171,Scott County,Arkansas
172,Searcy County,Arkansas
173,Sebastian County,Arkansas
174,Sevier County,Arkansas
175,Sharp County,Arkansas
176,Stone County,Arkansas
177,Union County,Arkansas
178,Van Buren County,Arkansas
179,Washington County,Arkansas
180,White County,Arkansas
181,Woodruff County,Arkansas
182,Yell County,Arkansas
183,Alameda County,California
184,Alpine County,California
185,Amador County,California
186,Butte County,California
187,Calaveras County,California
188,Colusa County,California
189,Contra Costa County,California
190,Del Norte County,California
191,El Dorado County,California
192,Fresno County,California
193,Glenn County,California
194,Humboldt County,California
195,Imperial County,California
196,Inyo County,California
197,Kern County,California
198,Kings County,California
199,Lake County,California
200,Lassen County,California
201,Los Angeles County,California
202,Madera County,California
203,Marin County,California
204,Mariposa County,California
205,Mendocino County,California
206,Merced County,California
207,Modoc County,California
208,Mono County,California
209,Monterey County,California
210,Napa County,California
211,Nevada County,California
212,Orange County,California
213,Placer County,California
214,Plumas County,California
215,Riverside County,California
216,Sacramento County,California
217,San Benito County,California
218,San Bernardino County,California
219,San Diego County,California
220,San Francisco County,California
221,San Joaquin County,California
222,San Luis Obispo County,California
223,San Mateo County,California
224,Santa Barbara County,California
225,Santa Clara County,California
226,Santa Cruz County,California
227,Shasta County,California
228,Sierra County,California
229,Siskiyou County,California
230,Solano County,California
231,Sonoma County,California
232,Stanislaus County,California
233,Sutter County,California
234,Tehama County,California
235,Trinity County,California
236,Tulare County,California
237,Tuolumne County,California
238,Ventura County,California
239,Yolo County,California
240,Yuba County,California
241,Adams County,Colorado
242,Alamosa County,Colorado
243,Arapahoe County,Colorado
244,Archuleta County,Colorado
245,Baca County,Colorado
246,Bent County,Colorado
247,Boulder County,Colorado
248,Broomfield County,Colorado
249,Chaffee County,Colorado
250,Cheyenne County,Colorado
251,Clear Creek County,Colorado
252,Conejos County,Colorado
253,Costilla County,Colorado
254,Crowley County,Colorado
255,Custer County,Colorado
256,Delta County,Colorado
257,Denver County,Colorado
258,Dolores County,Colorado
259,Douglas County,Colorado
260,Eagle County,Colorado
261,Elbert County,Colorado
262,El Paso County,Colorado
263,Fremont County,Colorado
264,Garfield County,Colorado
265,Gilpin County,Colorado
266,Grand County,Colorado
267,Gunnison County,Colorado
268,Hinsdale County,Colorado
269,Huerfano County,Colorado
270,Jackson County,Colorado
271,Jefferson County,Colorado
272,Kiowa County,Colorado
273,Kit Carson County,Colorado
274,Lake County,Colorado
275,La Plata County,Colorado
276,Larimer County,Colorado
277,Las Animas County,Colorado
278,Lincoln County,Colorado
279,Logan County,Colorado
280,Mesa County,Colorado
281,Mineral County,Colorado
282,Moffat County,Colorado
283,Montezuma County,Colorado
284,Montrose County,Colorado
285,Morgan County,Colorado
286,Otero County,Colorado
287,Ouray County,Colorado
288,Park County,Colorado
289,Phillips County,Colorado
290,Pitkin County,Colorado
291,Prowers County,Colorado
292,Pueblo County,Colorado
293,Rio Blanco County,Colorado
294,Rio Grande County,Colorado
295,Routt County,Colorado
296,Saguache County,Colorado
297,San Juan County,Colorado
298,San Miguel County,Colorado
299,Sedgwick County,Colorado
300,Summit County,Colorado
301,Teller County,Colorado
302,Washington County,Colorado
303,Weld County,Colorado
304,Yuma County,Colorado
305,Fairfield County,Connecticut
306,Hartford County,Connecticut
307,Litchfield County,Connecticut
308,Middlesex County,Connecticut
309,New Haven County,Connecticut
310,New London County,Connecticut
311,Tolland County,Connecticut
312,Windham County,Connecticut
313,Kent County,Delaware
314,New Castle County,Delaware
315,Sussex County,Delaware
316,District of Columbia,District of Columbia
317,Alachua County,Florida
318,Baker County,Florida
319,Bay County,Florida
320,Bradford County,Florida
321,Brevard County,Florida
322,Broward County,Florida
323,Calhoun County,Florida
324,Charlotte County,Florida
325,Citrus County,Florida
326,Clay County,Florida
327,Collier County,Florida
328,Columbia County,Florida
329,DeSoto County,Florida
330,Dixie County,Florida
331,Duval County,Florida
332,Escambia County,Florida
333,Flagler County,Florida
334,Franklin County,Florida
335,Gadsden County,Florida
336,Gilchrist County,Florida
337,Glades County,Florida
338,Gulf County,Florida
339,Hamilton County,Florida
340,Hardee County,Florida
341,Hendry County,Florida
342,Hernando County,Florida
343,Highlands County,Florida
344,Hillsborough County,Florida
345,Holmes County,Florida
346,Indian River County,Florida
347,Jackson County,Florida
348,Jefferson County,Florida
349,Lafayette County,Florida
350,Lake County,Florida
351,Lee County,Florida
352,Leon County,Florida
353,Levy County,Florida
354,Liberty County,Florida
355,Madison County,Florida
356,Manatee County,Florida
357,Marion County,Florida
358,Martin County,Florida
359,Miami-Dade County,Florida
360,Monroe County,Florida
361,Nassau County,Florida
362,Okaloosa County,Florida
363,Okeechobee County,Florida
364,Orange County,Florida
365,Osceola County,Florida
366,Palm Beach County,Florida
367,Pasco County,Florida
368,Pinellas County,Florida
369,Polk County,Florida
370,Putnam County,Florida
371,St. Johns County,Florida
372,St. Lucie County,Florida
373,Santa Rosa County,Florida
374,Sarasota County,Florida
375,Seminole County,Florida
376,Sumter County,Florida
377,Suwannee County,Florida
378,Taylor County,Florida
379,Union County,Florida
380,Volusia County,Florida
381,Wakulla County,Florida
382,Walton County,Florida
383,Washington County,Florida
384,Appling County,Georgia
385,Atkinson County,Georgia
386,Bacon County,Georgia
387,Baker County,Georgia
388,Baldwin County,Georgia
389,Banks County,Georgia
390,Barrow County,Georgia
391,Bartow County,Georgia
392,Ben Hill County,Georgia
393,Berrien County,Georgia
394,Bibb County,Georgia
395,Bleckley County,Georgia
396,Brantley County,Georgia
397,Brooks County,Georgia
398,Bryan County,Georgia
399,Bulloch County,Georgia
400,Burke County,Georgia
401,Butts County,Georgia
402,Calhoun County,Georgia
403,Camden County,Georgia
404,Candler County,Georgia
405,Carroll County,Georgia
406,Catoosa County,Georgia
407,Charlton County,Georgia
408,Chatham County,Georgia
409,Chattahoochee County,Georgia
410,Chattooga County,Georgia
411,Cherokee County,Georgia
412,Clarke County,Georgia
413,Clay County,Georgia
414,Clayton County,Georgia
415,Clinch County,Georgia
416,Cobb County,Georgia
417,Coffee County,Georgia
418,Colquitt County,Georgia
419,Columbia County,Georgia
420,Cook County,Georgia
421,Coweta County,Georgia
422,Crawford County,Georgia
423,Crisp County,Georgia
424,Dade County,Georgia
425,Dawson County,Georgia
426,Decatur County,Georgia
427,DeKalb County,Georgia
428,Dodge County,Georgia
429,Dooly County,Georgia
430,Dougherty County,Georgia
431,Douglas County,Georgia
432,Early County,Georgia
433,Echols County,Georgia
434,Effingham County,Georgia
435,Elbert County,Georgia
436,Emanuel County,Georgia
437,Evans County,Georgia
438,Fannin County,Georgia
439,Fayette County,Georgia
440,Floyd County,Georgia
441,Forsyth County,Georgia
442,Franklin County,Georgia
443,Fulton County,Georgia
444,Gilmer County,Georgia
445,Glascock County,Georgia
446,Glynn County,Georgia
447,Gordon County,Georgia
448,Grady County,Georgia
449,Greene County,Georgia
450,Gwinnett County,Georgia
451,Habersham County,Georgia
452,Hall County,Georgia
453,Hancock County,Georgia
454,Haralson County,Georgia
455,Harris County,Georgia
456,Hart County,Georgia
457,Heard County,Georgia
458,Henry County,Georgia
459,Houston County,Georgia
460,Irwin County,Georgia
461,Jackson County,Georgia
462,Jasper County,Georgia
463,Jeff Davis County,Georgia
464,Jefferson County,Georgia
465,Jenkins County,Georgia
466,Johnson County,Georgia
467,Jones County,Georgia
468,Lamar County,Georgia
469,Lanier County,Georgia
470,Laurens County,Georgia
471,Lee County,Georgia
472,Liberty County,Georgia
473,Lincoln County,Georgia
474,Long County,Georgia
475,Lowndes County,Georgia
476,Lumpkin County,Georgia
477,McDuffie County,Georgia
478,McIntosh County,Georgia
479,Macon County,Georgia
480,Madison County,Georgia
481,Marion County,Georgia
482,Meriwether County,Georgia
483,Miller County,Georgia
484,Mitchell County,Georgia
485,Monroe County,Georgia
486,Montgomery County,Georgia
487,Morgan County,Georgia
488,Murray County,Georgia
489,Muscogee County,Georgia
490,Newton County,Georgia
491,Oconee County,Georgia
492,Oglethorpe County,Georgia
493,Paulding County,Georgia
494,Peach County,Georgia
495,Pickens County,Georgia
496,Pierce County,Georgia
497,Pike County,Georgia
498,Polk County,Georgia
499,Pulaski County,Georgia
500,Putnam County,Georgia
501,Quitman County,Georgia
502,Rabun County,Georgia
503,Randolph County,Georgia
504,Richmond County,Georgia
505,Rockdale County,Georgia
506,Schley County,Georgia
507,Screven County,Georgia
508,Seminole County,Georgia
509,Spalding County,Georgia
510,Stephens County,Georgia
511,Stewart County,Georgia
512,Sumter County,Georgia
513,Talbot County,Georgia
514,Taliaferro County,Georgia
515,Tattnall County,Georgia
516,Taylor County,Georgia
517,Telfair County,Georgia
518,Terrell County,Georgia
519,Thomas County,Georgia
520,Tift County,Georgia
521,Toombs County,Georgia
522,Towns County,Georgia
523,Treutlen County,Georgia
524,Troup County,Georgia
525,Turner County,Georgia
526,Twiggs County,Georgia
527,Union County,Georgia
528,Upson County,Georgia
529,Walker County,Georgia
530,Walton County,Georgia
531,Ware County,Georgia
532,Warren County,Georgia
533,Washington County,Georgia
534,Wayne County,Georgia
535,Webster County,Georgia
536,Wheeler County,Georgia
537,White County,Georgia
538,Whitfield County,Georgia
539,Wilcox County,Georgia
540,Wilkes County,Georgia
541,Wilkinson County,Georgia
542,Worth County,Georgia
543,Hawaii County,Hawaii
544,Honolulu County,Hawaii
545,Kalawao County,Hawaii
546,Kauai County,Hawaii
547,Maui County,Hawaii
548,Ada County,Idaho
549,Adams County,Idaho
550,Bannock County,Idaho
551,Bear Lake County,Idaho
552,Benewah County,Idaho
553,Bingham County,Idaho
554,Blaine County,Idaho
555,Boise County,Idaho
556,Bonner County,Idaho
557,Bonneville County,Idaho
558,Boundary County,Idaho
559,Butte County,Idaho
560,Camas County,Idaho
561,Canyon County,Idaho
562,Caribou County,Idaho
563,Cassia County,Idaho
564,Clark County,Idaho
565,Clearwater County,Idaho
566,Custer County,Idaho
567,Elmore County,Idaho
568,Franklin County,Idaho
569,Fremont County,Idaho
570,Gem County,Idaho
571,Gooding County,Idaho
572,Idaho County,Idaho
573,Jefferson County,Idaho
574,Jerome County,Idaho
575,Kootenai County,Idaho
576,Latah County,Idaho
577,Lemhi County,Idaho
578,Lewis County,Idaho
579,Lincoln County,Idaho
580,Madison County,Idaho
581,Minidoka County,Idaho
582,Nez Perce County,Idaho
583,Oneida County,Idaho
584,Owyhee County,Idaho
585,Payette County,Idaho
586,Power County,Idaho
587,Shoshone County,Idaho
588,Teton County,Idaho
589,Twin Falls County,Idaho
590,Valley County,Idaho
591,Washington County,Idaho
592,Adams County,Illinois
593,Alexander County,Illinois
594,Bond County,Illinois
595,Boone County,Illinois
596,Brown County,Illinois
597,Bureau County,Illinois
598,Calhoun County,Illinois
599,Carroll County,Illinois
600,Cass County,Illinois
601,Champaign County,Illinois
602,Christian County,Illinois
603,Clark County,Illinois
604,Clay County,Illinois
605,Clinton County,Illinois
606,Coles County,Illinois
607,Cook County,Illinois
608,Crawford County,Illinois
609,Cumberland County,Illinois
610,DeKalb County,Illinois
611,De Witt County,Illinois
612,Douglas County,Illinois
613,DuPage County,Illinois
614,Edgar County,Illinois
615,Edwards County,Illinois
616,Effingham County,Illinois
617,Fayette County,Illinois
618,Ford County,Illinois
619,Franklin County,Illinois
620,Fulton County,Illinois
621,Gallatin County,Illinois
622,Greene County,Illinois
623,Grundy County,Illinois
624,Hamilton County,Illinois
625,Hancock County,Illinois
626,Hardin County,Illinois
627,Henderson County,Illinois
628,Henry County,Illinois
629,Iroquois County,Illinois
630,Jackson County,Illinois
631,Jasper County,Illinois
632,Jefferson County,Illinois
633,Jersey County,Illinois
634,Jo Daviess County,Illinois
635,Johnson County,Illinois
636,Kane County,Illinois
637,Kankakee County,Illinois
638,Kendall County,Illinois
639,Knox County,Illinois
640,Lake County,Illinois
641,LaSalle County,Illinois
642,Lawrence County,Illinois
643,Lee County,Illinois
644,Livingston County,Illinois
645,Logan County,Illinois
646,McDonough County,Illinois
647,McHenry County,Illinois
648,McLean County,Illinois
649,Macon County,Illinois
650,Macoupin County,Illinois
651,Madison County,Illinois
652,Marion County,Illinois
653,Marshall County,Illinois
654,Mason County,Illinois
655,Massac County,Illinois
656,Menard County,Illinois
657,Mercer County,Illinois
658,Monroe County,Illinois
659,Montgomery County,Illinois
660,Morgan County,Illinois
661,Moultrie County,Illinois
662,Ogle County,Illinois
663,Peoria County,Illinois
664,Perry County,Illinois
665,Piatt County,Illinois
666,Pike County,Illinois
667,Pope County,Illinois
668,Pulaski County,Illinois
669,Putnam County,Illinois
670,Randolph County,Illinois
671,Richland County,Illinois
672,Rock Island County,Illinois
673,St. Clair County,Illinois
674,Saline County,Illinois
675,Sangamon County,Illinois
676,Schuyler County,Illinois
677,Scott County,Illinois
678,Shelby County,Illinois
679,Stark County,Illinois
680,Stephenson County,Illinois
681,Tazewell County,Illinois
682,Union County,Illinois
683,Vermilion County,Illinois
684,Wabash County,Illinois
685,Warren County,Illinois
686,Washington County,Illinois
687,Wayne County,Illinois
688,White County,Illinois
689,Whiteside County,Illinois
690,Will County,Illinois
691,Williamson County,Illinois
692,Winnebago County,Illinois
693,Woodford County,Illinois
694,Adams County,Indiana
695,Allen County,Indiana
696,Bartholomew County,Indiana
697,Benton County,Indiana
698,Blackford County,Indiana
699,Boone County,Indiana
700,Brown County,Indiana
701,Carroll County,Indiana
702,Cass County,Indiana
703,Clark County,Indiana
704,Clay County,Indiana
705,Clinton County,Indiana
706,Crawford County,Indiana
707,Daviess County,Indiana
708,Dearborn County,Indiana
709,Decatur County,Indiana
710,DeKalb County,Indiana
711,Delaware County,Indiana
712,Dubois County,Indiana
713,Elkhart County,Indiana
714,Fayette County,Indiana
715,Floyd County,Indiana
716,Fountain County,Indiana
717,Franklin County,Indiana
718,Fulton County,Indiana
719,Gibson County,Indiana
720,Grant County,Indiana
721,Greene County,Indiana
722,Hamilton County,Indiana
723,Hancock County,Indiana
724,Harrison County,Indiana
725,Hendricks County,Indiana
726,Henry County,Indiana
727,Howard County,Indiana
728,Huntington County,Indiana
729,Jackson County,Indiana
730,Jasper County,Indiana
731,Jay County,Indiana
732,Jefferson County,Indiana
733,Jennings County,Indiana
734,Johnson County,Indiana
735,Knox County,Indiana
736,Kosciusko County,Indiana
737,LaGrange County,Indiana
738,Lake County,Indiana
739,LaPorte County,Indiana
740,Lawrence County,Indiana
741,Madison County,Indiana
742,Marion County,Indiana
743,Marshall County,Indiana
744,Martin County,Indiana
745,Miami County,Indiana
746,Monroe County,Indiana
747,Montgomery County,Indiana
748,Morgan County,Indiana
749,Newton County,Indiana
750,Noble County,Indiana
751,Ohio County,Indiana
752,Orange County,Indiana
753,Owen County,Indiana
754,Parke County,Indiana
755,Perry County,Indiana
756,Pike County,Indiana
757,Porter County,Indiana
758,Posey County,Indiana
759,Pulaski County,Indiana
760,Putnam County,Indiana
761,Randolph County,Indiana
762,Ripley County,Indiana
763,Rush County,Indiana
764,St. Joseph County,Indiana
765,Scott County,Indiana
766,Shelby County,Indiana
767,Spencer County,Indiana
768,Starke County,Indiana
769,Steuben County,Indiana
770,Sullivan County,Indiana
771,Switzerland County,Indiana
772,Tippecanoe County,Indiana
773,Tipton County,Indiana
774,Union County,Indiana
775,Vanderburgh County,Indiana
776,Vermillion County,Indiana
777,Vigo County,Indiana
778,Wabash County,Indiana
779,Warren County,Indiana
780,Warrick County,Indiana
781,Washington County,Indiana
782,Wayne County,Indiana
783,Wells County,Indiana
784,White County,Indiana
785,Whitley County,Indiana
786,Adair County,Iowa
787,Adams County,Iowa
788,Allamakee County,Iowa
789,Appanoose County,Iowa
790,Audubon County,Iowa
791,Benton County,Iowa
792,Black Hawk County,Iowa
793,Boone County,Iowa
794,Bremer County,Iowa
795,Buchanan County,Iowa
796,Buena Vista County,Iowa
797,Butler County,Iowa
798,Calhoun County,Iowa
799,Carroll County,Iowa
800,Cass County,Iowa
801,Cedar County,Iowa
802,Cerro Gordo County,Iowa
803,Cherokee County,Iowa
804,Chickasaw County,Iowa
805,Clarke County,Iowa
806,Clay County,Iowa
807,Clayton County,Iowa
808,Clinton County,Iowa
809,Crawford County,Iowa
810,Dallas County,Iowa
811,Davis County,Iowa
812,Decatur County,Iowa
813,Delaware County,Iowa
814,Des Moines County,Iowa
815,Dickinson County,Iowa
816,Dubuque County,Iowa
817,Emmet County,Iowa
818,Fayette County,Iowa
819,Floyd County,Iowa
820,Franklin County,Iowa
821,Fremont County,Iowa
822,Greene County,Iowa
823,Grundy County,Iowa
824,Guthrie County,Iowa
825,Hamilton County,Iowa
826,Hancock County,Iowa
827,Hardin County,Iowa
828,Harrison County,Iowa
829,Henry County,Iowa
830,Howard County,Iowa
831,Humboldt County,Iowa
832,Ida County,Iowa
833,Iowa County,Iowa
834,Jackson County,Iowa
835,Jasper County,Iowa
836,Jefferson County,Iowa
837,Johnson County,Iowa
838,Jones County,Iowa
839,Keokuk County,Iowa
840,Kossuth County,Iowa
841,Lee County,Iowa
842,Linn County,Iowa
843,Louisa County,Iowa
844,Lucas County,Iowa
845,Lyon County,Iowa
846,Madison County,Iowa
847,Mahaska County,Iowa
848,Marion County,Iowa
849,Marshall County,Iowa
850,Mills County,Iowa
851,Mitchell County,Iowa
852,Monona County,Iowa
853,Monroe County,Iowa
854,Montgomery County,Iowa
855,Muscatine County,Iowa
856,O'Brien County,Iowa
857,Osceola County,Iowa
858,Page County,Iowa
859,Palo Alto County,Iowa
860,Plymouth County,Iowa
861,Pocahontas County,Iowa
862,Polk County,Iowa
863,Pottawattamie County,Iowa
864,Poweshiek County,Iowa
865,Ringgold County,Iowa
866,Sac County,Iowa
867,Scott County,Iowa
868,Shelby County,Iowa
869,Sioux County,Iowa
870,Story County,Iowa
871,Tama County,Iowa
872,Taylor County,Iowa
873,Union County,Iowa
874,Van Buren County,Iowa
875,Wapello County,Iowa
876,Warren County,Iowa
877,Washington County,Iowa
878,Wayne County,Iowa
879,Webster County,Iowa
880,Winnebago County,Iowa
881,Winneshiek County,Iowa
882,Woodbury County,Iowa
883,Worth County,Iowa
884,Wright County,Iowa
885,Allen County,Kansas
886,Anderson County,Kansas
887,Atchison County,Kansas
888,Barber County,Kansas
889,Barton County,Kansas
890,Bourbon County,Kansas
891,Brown County,Kansas
892,Butler County,Kansas
893,Chase County,Kansas
894,Chautauqua County,Kansas
895,Cherokee County,Kansas
896,Cheyenne County,Kansas
897,Clark County,Kansas
898,Clay County,Kansas
899,Cloud County,Kansas
900,Coffey County,Kansas
901,Comanche County,Kansas
902,Cowley County,Kansas
903,Crawford County,Kansas
904,Decatur County,Kansas
905,Dickinson County,Kansas
906,Doniphan County,Kansas
907,Douglas County,Kansas
908,Edwards County,Kansas
909,Elk County,Kansas
910,Ellis County,Kansas
911,Ellsworth County,Kansas
912,Finney County,Kansas
913,Ford County,Kansas
914,Franklin County,Kansas
915,Geary County,Kansas
916,Gove County,Kansas
917,Graham County,Kansas
918,Grant County,Kansas
919,Gray County,Kansas
920,Greeley County,Kansas
921,Greenwood County,Kansas
922,Hamilton County,Kansas
923,Harper County,Kansas
924,Harvey County,Kansas
925,Haskell County,Kansas
926,Hodgeman County,Kansas
927,Jackson County,Kansas
928,Jefferson County,Kansas
929,Jewell County,Kansas
930,Johnson County,Kansas
931,Kearny County,Kansas
932,Kingman County,Kansas
933,Kiowa County,Kansas
934,Labette County,Kansas
935,Lane County,Kansas
936,Leavenworth County,Kansas
937,Lincoln County,Kansas
938,Linn County,Kansas
939,Logan County,Kansas
940,Lyon County,Kansas
941,McPherson County,Kansas
942,Marion County,Kansas
943,Marshall County,Kansas
944,Meade County,Kansas
945,Miami County,Kansas
946,Mitchell County,Kansas
947,Montgomery County,Kansas
948,Morris County,Kansas
949,Morton County,Kansas
950,Nemaha County,Kansas
951,Neosho County,Kansas
952,Ness County,Kansas
953,Norton County,Kansas
954,Osage County,Kansas
955,Osborne County,Kansas
956,Ottawa County,Kansas
957,Pawnee County,Kansas
958,Phillips County,Kansas
959,Pottawatomie County,Kansas
960,Pratt County,Kansas
961,Rawlins County,Kansas
962,Reno County,Kansas
963,Republic County,Kansas
964,Rice County,Kansas
965,Riley County,Kansas
966,Rooks County,Kansas
967,Rush County,Kansas
968,Russell County,Kansas
969,Saline County,Kansas
970,Scott County,Kansas
971,Sedgwick County,Kansas
972,Seward County,Kansas
973,Shawnee County,Kansas
974,Sheridan County,Kansas
975,Sherman County,Kansas
976,Smith County,Kansas
977,Stafford County,Kansas
978,Stanton County,Kansas
979,Stevens County,Kansas
980,Sumner County,Kansas
981,Thomas County,Kansas
982,Trego County,Kansas
983,Wabaunsee County,Kansas
984,Wallace County,Kansas
985,Washington County,Kansas
986,Wichita County,Kansas
987,Wilson County,Kansas
988,Woodson County,Kansas
989,Wyandotte County,Kansas
990,Adair County,Kentucky
991,Allen County,Kentucky
992,Anderson County,Kentucky
993,Ballard County,Kentucky
994,Barren County,Kentucky
995,Bath County,Kentucky
996,Bell County,Kentucky
997,Boone County,Kentucky
998,Bourbon County,Kentucky
999,Boyd County,Kentucky
1000,Boyle County,Kentucky
1001,Bracken County,Kentucky
1002,Breathitt County,Kentucky
1003,Breckinridge County,Kentucky
1004,Bullitt County,Kentucky
1005,Butler County,Kentucky
1006,Caldwell County,Kentucky
1007,Calloway County,Kentucky
1008,Campbell County,Kentucky
1009,Carlisle County,Kentucky
1010,Carroll County,Kentucky
1011,Carter County,Kentucky
1012,Casey County,Kentucky
1013,Christian County,Kentucky
1014,Clark County,Kentucky
1015,Clay County,Kentucky
1016,Clinton County,Kentucky
1017,Crittenden County,Kentucky
1018,Cumberland County,Kentucky
1019,Daviess County,Kentucky
1020,Edmonson County,Kentucky
1021,Elliott County,Kentucky
1022,Estill County,Kentucky
1023,Fayette County,Kentucky
1024,Fleming County,Kentucky
1025,Floyd County,Kentucky
1026,Franklin County,Kentucky
1027,Fulton County,Kentucky
1028,Gallatin County,Kentucky
1029,Garrard County,Kentucky
1030,Grant County,Kentucky
1031,Graves County,Kentucky
1032,Grayson County,Kentucky
1033,Green County,Kentucky
1034,Greenup County,Kentucky
1035,Hancock County,Kentucky
1036,Hardin County,Kentucky
1037,Harlan County,Kentucky
1038,Harrison County,Kentucky
1039,Hart County,Kentucky
1040,Henderson County,Kentucky
1041,Henry County,Kentucky
1042,Hickman County,Kentucky
1043,Hopkins County,Kentucky
1044,Jackson County,Kentucky
1045,Jefferson County,Kentucky
1046,Jessamine County,Kentucky
1047,Johnson County,Kentucky
1048,Kenton County,Kentucky
1049,Knott County,Kentucky
1050,Knox County,Kentucky
1051,Larue County,Kentucky
1052,Laurel County,Kentucky
1053,Lawrence County,Kentucky
1054,Lee County,Kentucky
1055,Leslie County,Kentucky
1056,Letcher County,Kentucky
1057,Lewis County,Kentucky
1058,Lincoln County,Kentucky
1059,Livingston County,Kentucky
1060,Logan County,Kentucky
1061,Lyon County,Kentucky
1062,McCracken County,Kentucky
1063,McCreary County,Kentucky
1064,McLean County,Kentucky
1065,Madison County,Kentucky
1066,Magoffin County,Kentucky
1067,Marion County,Kentucky
1068,Marshall County,Kentucky
1069,Martin County,Kentucky
1070,Mason County,Kentucky
1071,Meade County,Kentucky
1072,Menifee County,Kentucky
1073,Mercer County,Kentucky
1074,Metcalfe County,Kentucky
1075,Monroe County,Kentucky
1076,Montgomery County,Kentucky
1077,Morgan County,Kentucky
1078,Muhlenberg County,Kentucky
1079,Nelson County,Kentucky
1080,Nicholas County,Kentucky
1081,Ohio County,Kentucky
1082,Oldham County,Kentucky
1083,Owen County,Kentucky
1084,Owsley County,Kentucky
1085,Pendleton County,Kentucky
1086,Perry County,Kentucky
1087,Pike County,Kentucky
1088,Powell County,Kentucky
1089,Pulaski County,Kentucky
1090,Robertson County,Kentucky
1091,Rockcastle County,Kentucky
1092,Rowan County,Kentucky
1093,Russell County,Kentucky
1094,Scott County,Kentucky
1095,Shelby County,Kentucky
1096,Simpson County,Kentucky
1097,Spencer County,Kentucky
1098,Taylor County,Kentucky
1099,Todd County,Kentucky
1100,Trigg County,Kentucky
1101,Trimble County,Kentucky
1102,Union County,Kentucky
1103,Warren County,Kentucky
1104,Washington County,Kentucky
1105,Wayne County,Kentucky
1106,Webster County,Kentucky
1107,Whitley County,Kentucky
1108,Wolfe County,Kentucky
1109,Woodford County,Kentucky
1110,Acadia Parish,Louisiana
1111,Allen Parish,Louisiana
1112,Ascension Parish,Louisiana
1113,Assumption Parish,Louisiana
1114,Avoyelles Parish,Louisiana
1115,Beauregard Parish,Louisiana
1116,Bienville Parish,Louisiana
1117,Bossier Parish,Louisiana
1118,Caddo Parish,Louisiana
1119,Calcasieu Parish,Louisiana
1120,Caldwell Parish,Louisiana
1121,Cameron Parish,Louisiana
1122,Catahoula Parish,Louisiana
1123,Claiborne Parish,Louisiana
1124,Concordia Parish,Louisiana
1125,De Soto Parish,Louisiana
1126,East Baton Rouge Parish,Louisiana
1127,East Carroll Parish,Louisiana
1128,East Feliciana Parish,Louisiana
1129,Evangeline Parish,Louisiana
1130,Franklin Parish,Louisiana
1131,Grant Parish,Louisiana
1132,Iberia Parish,Louisiana
1133,Iberville Parish,Louisiana
1134,Jackson Parish,Louisiana
1135,Jefferson Parish,Louisiana
1136,Jefferson Davis Parish,Louisiana
1137,Lafayette Parish,Louisiana
1138,Lafourche Parish,Louisiana
1139,LaSalle Parish,Louisiana
1140,Lincoln Parish,Louisiana
1141,Livingston Parish,Louisiana
1142,Madison Parish,Louisiana
1143,Morehouse Parish,Louisiana
1144,Natchitoches Parish,Louisiana
1145,Orleans Parish,Louisiana
1146,Ouachita Parish,Louisiana
1147,Plaquemines Parish,Louisiana
1148,Pointe Coupee Parish,Louisiana
1149,Rapides Parish,Louisiana
1150,Red River Parish,Louisiana
1151,Richland Parish,Louisiana
1152,Sabine Parish,Louisiana
1153,St. Bernard Parish,Louisiana
1154,St. Charles Parish,Louisiana
1155,St. Helena Parish,Louisiana
1156,St. James Parish,Louisiana
1157,St. John the Baptist Parish,Louisiana
1158,St. Landry Parish,Louisiana
1159,St. Martin Parish,Louisiana
1160,St. Mary Parish,Louisiana
1161,St. Tammany Parish,Louisiana
1162,Tangipahoa Parish,Louisiana
1163,Tensas Parish,Louisiana
1164,Terrebonne Parish,Louisiana
1165,Union Parish,Louisiana
1166,Vermilion Parish,Louisiana
1167,Vernon Parish,Louisiana
1168,Washington Parish,Louisiana
1169,Webster Parish,Louisiana
1170,West Baton Rouge Parish,Louisiana
1171,West Carroll Parish,Louisiana
1172,West Feliciana Parish,Louisiana
1173,Winn Parish,Louisiana
1174,Androscoggin County,Maine
1175,Aroostook County,Maine
1176,Cumberland County,Maine
1177,Franklin County,Maine
1178,Hancock County,Maine
1179,Kennebec County,Maine
1180,Knox County,Maine
1181,Lincoln County,Maine
1182,Oxford County,Maine
1183,Penobscot County,Maine
1184,Piscataquis County,Maine
1185,Sagadahoc County,Maine
1186,Somerset County,Maine
1187,Waldo County,Maine
1188,Washington County,Maine
1189,York County,Maine
1190,Allegany County,Maryland
1191,Anne Arundel County,Maryland
1192,Baltimore County,Maryland
1193,Calvert County,Maryland
1194,Caroline County,Maryland
1195,Carroll County,Maryland
1196,Cecil County,Maryland
1197,Charles County,Maryland
1198,Dorchester County,Maryland
1199,Frederick County,Maryland
1200,Garrett County,Maryland
1201,Harford County,Maryland
1202,Howard County,Maryland
1203,Kent County,Maryland
1204,Montgomery County,Maryland
1205,Prince George's County,Maryland
1206,Queen Anne's County,Maryland
1207,St. Mary's County,Maryland
1208,Somerset County,Maryland
1209,Talbot County,Maryland
1210,Washington County,Maryland
1211,Wicomico County,Maryland
1212,Worcester County,Maryland
1213,Baltimore city,Maryland
1214,Barnstable County,Massachusetts
1215,Berkshire County,Massachusetts
1216,Bristol County,Massachusetts
1217,Dukes County,Massachusetts
1218,Essex County,Massachusetts
1219,Franklin County,Massachusetts
1220,Hampden County,Massachusetts
1221,Hampshire County,Massachusetts
1222,Middlesex County,Massachusetts
1223,Nantucket County,Massachusetts
1224,Norfolk County,Massachusetts
1225,Plymouth County,Massachusetts
1226,Suffolk County,Massachusetts
1227,Worcester County,Massachusetts
1228,Alcona County,Michigan
1229,Alger County,Michigan
1230,Allegan County,Michigan
1231,Alpena County,Michigan
1232,Antrim County,Michigan
1233,Arenac County,Michigan
1234,Baraga County,Michigan
1235,Barry County,Michigan
1236,Bay County,Michigan
1237,Benzie County,Michigan
1238,Berrien County,Michigan
1239,Branch County,Michigan
1240,Calhoun County,Michigan
1241,Cass County,Michigan
1242,Charlevoix County,Michigan
1243,Cheboygan County,Michigan
1244,Chippewa County,Michigan
1245,Clare County,Michigan
1246,Clinton County,Michigan
1247,Crawford County,Michigan
1248,Delta County,Michigan
1249,Dickinson County,Michigan
1250,Eaton County,Michigan
1251,Emmet County,Michigan
1252,Genesee County,Michigan
1253,Gladwin County,Michigan
1254,Gogebic County,Michigan
1255,Grand Traverse County,Michigan
1256,Gratiot County,Michigan
1257,Hillsdale County,Michigan
1258,Houghton County,Michigan
1259,Huron County,Michigan
1260,Ingham County,Michigan
1261,Ionia County,Michigan
1262,Iosco County,Michigan
1263,Iron County,Michigan
1264,Isabella County,Michigan
1265,Jackson County,Michigan
1266,Kalamazoo County,Michigan
1267,Kalkaska County,Michigan
1268,Kent County,Michigan
1269,Keweenaw County,Michigan
1270,Lake County,Michigan
1271,Lapeer County,Michigan
1272,Leelanau County,Michigan
1273,Lenawee County,Michigan
1274,Livingston County,Michigan
1275,Luce County,Michigan
1276,Mackinac County,Michigan
1277,Macomb County,Michigan
1278,Manistee County,Michigan
1279,Marquette County,Michigan
1280,Mason County,Michigan
1281,Mecosta County,Michigan
1282,Menominee County,Michigan
1283,Midland County,Michigan
1284,Missaukee County,Michigan
1285,Monroe County,Michigan
1286,Montcalm County,Michigan
1287,Montmorency County,Michigan
1288,Muskegon County,Michigan
1289,Newaygo County,Michigan
1290,Oakland County,Michigan
1291,Oceana County,Michigan
1292,Ogemaw County,Michigan
1293,Ontonagon County,Michigan
1294,Osceola County,Michigan
1295,Oscoda County,Michigan
1296,Otsego County,Michigan
1297,Ottawa County,Michigan
1298,Presque Isle County,Michigan
1299,Roscommon County,Michigan
1300,Saginaw County,Michigan
1301,St. Clair County,Michigan
1302,St. Joseph County,Michigan
1303,Sanilac County,Michigan
1304,Schoolcraft County,Michigan
1305,Shiawassee County,Michigan
1306,Tuscola County,Michigan
1307,Van Buren County,Michigan
1308,Washtenaw County,Michigan
1309,Wayne County,Michigan
1310,Wexford County,Michigan
1311,Aitkin County,Minnesota
1312,Anoka County,Minnesota
1313,Becker County,Minnesota
1314,Beltrami County,Minnesota
1315,Benton County,Minnesota
1316,Big Stone County,Minnesota
1317,Blue Earth County,Minnesota
1318,Brown County,Minnesota
1319,Carlton County,Minnesota
1320,Carver County,Minnesota
1321,Cass County,Minnesota
1322,Chippewa County,Minnesota
1323,Chisago County,Minnesota
1324,Clay County,Minnesota
1325,Clearwater County,Minnesota
1326,Cook County,Minnesota
1327,Cottonwood County,Minnesota
1328,Crow Wing County,Minnesota
1329,Dakota County,Minnesota
1330,Dodge County,Minnesota
1331,Douglas County,Minnesota
1332,Faribault County,Minnesota
1333,Fillmore County,Minnesota
1334,Freeborn County,Minnesota
1335,Goodhue County,Minnesota
1336,Grant County,Minnesota
1337,Hennepin County,Minnesota
1338,Houston County,Minnesota
1339,Hubbard County,Minnesota
1340,Isanti County,Minnesota
1341,Itasca County,Minnesota
1342,Jackson County,Minnesota
1343,Kanabec County,Minnesota
1344,Kandiyohi County,Minnesota
1345,Kittson County,Minnesota
1346,Koochiching County,Minnesota
1347,Lac qui Parle County,Minnesota
1348,Lake County,Minnesota
1349,Lake of the Woods County,Minnesota
1350,Le Sueur County,Minnesota
1351,Lincoln County,Minnesota
1352,Lyon County,Minnesota
1353,McLeod County,Minnesota
1354,Mahnomen County,Minnesota
1355,Marshall County,Minnesota
1356,Martin County,Minnesota
1357,Meeker County,Minnesota
1358,Mille Lacs County,Minnesota
1359,Morrison County,Minnesota
1360,Mower County,Minnesota
1361,Murray County,Minnesota
1362,Nicollet County,Minnesota
1363,Nobles County,Minnesota
1364,Norman County,Minnesota
1365,Olmsted County,Minnesota
1366,Otter Tail County,Minnesota
1367,Pennington County,Minnesota
1368,Pine County,Minnesota
1369,Pipestone County,Minnesota
1370,Polk County,Minnesota
1371,Pope County,Minnesota
1372,Ramsey County,Minnesota
1373,Red Lake County,Minnesota
1374,Redwood County,Minnesota
1375,Renville County,Minnesota
1376,Rice County,Minnesota
1377,Rock County,Minnesota
1378,Roseau County,Minnesota
1379,St. Louis County,Minnesota
1380,Scott County,Minnesota
1381,Sherburne County,Minnesota
1382,Sibley County,Minnesota
1383,Stearns County,Minnesota
1384,Steele County,Minnesota
1385,Stevens County,Minnesota
1386,Swift County,Minnesota
1387,Todd County,Minnesota
1388,Traverse County,Minnesota
1389,Wabasha County,Minnesota
1390,Wadena County,Minnesota
1391,Waseca County,Minnesota
1392,Washington County,Minnesota
1393,Watonwan County,Minnesota
1394,Wilkin County,Minnesota
1395,Winona County,Minnesota
1396,Wright County,Minnesota
1397,Yellow Medicine County,Minnesota
1398,Adams County,Mississippi
1399,Alcorn County,Mississippi
1400,Amite County,Mississippi
1401,Attala County,Mississippi
1402,Benton County,Mississippi
1403,Bolivar County,Mississippi
1404,Calhoun County,Mississippi
1405,Carroll County,Mississippi
1406,Chickasaw County,Mississippi
1407,Choctaw County,Mississippi
1408,Claiborne County,Mississippi
1409,Clarke County,Mississippi
1410,Clay County,Mississippi
1411,Coahoma County,Mississippi
1412,Copiah County,Mississippi
1413,Covington County,Mississippi
1414,DeSoto County,Mississippi
1415,Forrest County,Mississippi
1416,Franklin County,Mississippi
1417,George County,Mississippi
1418,Greene County,Mississippi
1419,Grenada County,Mississippi
1420,Hancock County,Mississippi
1421,Harrison County,Mississippi
1422,Hinds County,Mississippi
1423,Holmes County,Mississippi
1424,Humphreys County,Mississippi
1425,Issaquena County,Mississippi
1426,Itawamba County,Mississippi
1427,Jackson County,Mississippi
1428,Jasper County,Mississippi
1429,Jefferson County,Mississippi
1430,Jefferson Davis County,Mississippi
1431,Jones County,Mississippi
1432,Kemper County,Mississippi
1433,Lafayette County,Mississippi
1434,Lamar County,Mississippi
1435,Lauderdale County,Mississippi
1436,Lawrence County,Mississippi
1437,Leake County,Mississippi
1438,Lee County,Mississippi
1439,Leflore County,Mississippi
1440,Lincoln County,Mississippi
1441,Lowndes County,Mississippi
1442,Madison County,Mississippi
1443,Marion County,Mississippi
1444,Marshall County,Mississippi
1445,Monroe County,Mississippi
1446,Montgomery County,Mississippi
1447,Neshoba County,Mississippi
1448,Newton County,Mississippi
1449,Noxubee County,Mississippi
1450,Oktibbeha County,Mississippi
1451,Panola County,Mississippi
1452,Pearl River County,Mississippi
1453,Perry County,Mississippi
1454,Pike County,Mississippi
1455,Pontotoc County,Mississippi
1456,Prentiss County,Mississippi
1457,Quitman County,Mississippi
1458,Rankin County,Mississippi
1459,Scott County,Mississippi
1460,Sharkey County,Mississippi
1461,Simpson County,Mississippi
1462,Smith County,Mississippi
1463,Stone County,Mississippi
1464,Sunflower County,Mississippi
1465,Tallahatchie County,Mississippi
1466,Tate County,Mississippi
1467,Tippah County,Mississippi
1468,Tishomingo County,Mississippi
1469,Tunica County,Mississippi
1470,Union County,Mississippi
1471,Walthall County,Mississippi
1472,Warren County,Mississippi
1473,Washington County,Mississippi
1474,Wayne County,Mississippi
1475,Webster County,Mississippi
1476,Wilkinson County,Mississippi
1477,Winston County,Mississippi
1478,Yalobusha County,Mississippi
1479,Yazoo County,Mississippi
1480,Adair County,Missouri
1481,Andrew County,Missouri
1482,Atchison County,Missouri
1483,Audrain County,Missouri
1484,Barry County,Missouri
1485,Barton County,Missouri
1486,Bates County,Missouri
1487,Benton County,Missouri
1488,Bollinger County,Missouri
1489,Boone County,Missouri
1490,Buchanan County,Missouri
1491,Butler County,Missouri
1492,Caldwell County,Missouri
1493,Callaway County,Missouri
1494,Camden County,Missouri
1495,Cape Girardeau County,Missouri
1496,Carroll County,Missouri
1497,Carter County,Missouri
1498,Cass County,Missouri
1499,Cedar County,Missouri
1500,Chariton County,Missouri
1501,Christian County,Missouri
1502,Clark County,Missouri
1503,Clay County,Missouri
1504,Clinton County,Missouri
1505,Cole County,Missouri
1506,Cooper County,Missouri
1507,Crawford County,Missouri
1508,Dade County,Missouri
1509,Dallas County,Missouri
1510,Daviess County,Missouri
1511,DeKalb County,Missouri
1512,Dent County,Missouri
1513,Douglas County,Missouri
1514,Dunklin County,Missouri
1515,Franklin County,Missouri
1516,Gasconade County,Missouri
1517,Gentry County,Missouri
1518,Greene County,Missouri
1519,Grundy County,Missouri
1520,Harrison County,Missouri
1521,Henry County,Missouri
1522,Hickory County,Missouri
1523,Holt County,Missouri
1524,Howard County,Missouri
1525,Howell County,Missouri
1526,Iron County,Missouri
1527,Jackson County,Missouri
1528,Jasper County,Missouri
1529,Jefferson County,Missouri
1530,Johnson County,Missouri
1531,Knox County,Missouri
1532,Laclede County,Missouri
1533,Lafayette County,Missouri
1534,Lawrence County,Missouri
1535,Lewis County,Missouri
1536,Lincoln County,Missouri
1537,Linn County,Missouri
1538,Livingston County,Missouri
1539,McDonald County,Missouri
1540,Macon County,Missouri
1541,Madison County,Missouri
1542,Maries County,Missouri
1543,Marion County,Missouri
1544,Mercer County,Missouri
1545,Miller County,Missouri
1546,Mississippi County,Missouri
1547,Moniteau County,Missouri
1548,Monroe County,Missouri
1549,Montgomery County,Missouri
1550,Morgan County,Missouri
1551,New Madrid County,Missouri
1552,Newton County,Missouri
1553,Nodaway County,Missouri
1554,Oregon County,Missouri
1555,Osage County,Missouri
1556,Ozark County,Missouri
1557,Pemiscot County,Missouri
1558,Perry County,Missouri
1559,Pettis County,Missouri
1560,Phelps County,Missouri
1561,Pike County,Missouri
1562,Platte County,Missouri
1563,Polk County,Missouri
1564,Pulaski County,Missouri
1565,Putnam County,Missouri
1566,Ralls County,Missouri
1567,Randolph County,Missouri
1568,Ray County,Missouri
1569,Reynolds County,Missouri
1570,Ripley County,Missouri
1571,St. Charles County,Missouri
1572,St. Clair County,Missouri
1573,Ste. Genevieve County,Missouri
1574,St. Francois County,Missouri
1575,St. Louis County,Missouri
1576,Saline County,Missouri
1577,Schuyler County,Missouri
1578,Scotland County,Missouri
1579,Scott County,Missouri
1580,Shannon County,Missouri
1581,Shelby County,Missouri
1582,Stoddard County,Missouri
1583,Stone County,Missouri
1584,Sullivan County,Missouri
1585,Taney County,Missouri
1586,Texas County,Missouri
1587,Vernon County,Missouri
1588,Warren County,Missouri
1589,Washington County,Missouri
1590,Wayne County,Missouri
1591,Webster County,Missouri
1592,Worth County,Missouri
1593,Wright County,Missouri
1594,St. Louis city,Missouri
1595,Beaverhead County,Montana
1596,Big Horn County,Montana
1597,Blaine County,Montana
1598,Broadwater County,Montana
1599,Carbon County,Montana
1600,Carter County,Montana
1601,Cascade County,Montana
1602,Chouteau County,Montana
1603,Custer County,Montana
1604,Daniels County,Montana
1605,Dawson County,Montana
1606,Deer Lodge County,Montana
1607,Fallon County,Montana
1608,Fergus County,Montana
1609,Flathead County,Montana
1610,Gallatin County,Montana
1611,Garfield County,Montana
1612,Glacier County,Montana
1613,Golden Valley County,Montana
1614,Granite County,Montana
1615,Hill County,Montana
1616,Jefferson County,Montana
1617,Judith Basin County,Montana
1618,Lake County,Montana
1619,Lewis and Clark County,Montana
1620,Liberty County,Montana
1621,Lincoln County,Montana
1622,McCone County,Montana
1623,Madison County,Montana
1624,Meagher County,Montana
1625,Mineral County,Montana
1626,Missoula County,Montana
1627,Musselshell County,Montana
1628,Park County,Montana
1629,Petroleum County,Montana
1630,Phillips County,Montana
1631,Pondera County,Montana
1632,Powder River County,Montana
1633,Powell County,Montana
1634,Prairie County,Montana
1635,Ravalli County,Montana
1636,Richland County,Montana
1637,Roosevelt County,Montana
1638,Rosebud County,Montana
1639,Sanders County,Montana
1640,Sheridan County,Montana
1641,Silver Bow County,Montana
1642,Stillwater County,Montana
1643,Sweet Grass County,Montana
1644,Teton County,Montana
1645,Toole County,Montana
1646,Treasure County,Montana
1647,Valley County,Montana
1648,Wheatland County,Montana
1649,Wibaux County,Montana
1650,Yellowstone County,Montana
1651,Adams County,Nebraska
1652,Antelope County,Nebraska
1653,Arthur County,Nebraska
1654,Banner County,Nebraska
1655,Blaine County,Nebraska
1656,Boone County,Nebraska
1657,Box Butte County,Nebraska
1658,Boyd County,Nebraska
1659,Brown County,Nebraska
1660,Buffalo County,Nebraska
1661,Burt County,Nebraska
1662,Butler County,Nebraska
1663,Cass County,Nebraska
1664,Cedar County,Nebraska
1665,Chase County,Nebraska
1666,Cherry County,Nebraska
1667,Cheyenne County,Nebraska
1668,Clay County,Nebraska
1669,Colfax County,Nebraska
1670,Cuming County,Nebraska
1671,Custer County,Nebraska
1672,Dakota County,Nebraska
1673,Dawes County,Nebraska
1674,Dawson County,Nebraska
1675,Deuel County,Nebraska
1676,Dixon County,Nebraska
1677,Dodge County,Nebraska
1678,Douglas County,Nebraska
1679,Dundy County,Nebraska
1680,Fillmore County,Nebraska
1681,Franklin County,Nebraska
1682,Frontier County,Nebraska
1683,Furnas County,Nebraska
1684,Gage County,Nebraska
1685,Garden County,Nebraska
1686,Garfield County,Nebraska
1687,Gosper County,Nebraska
1688,Grant County,Nebraska
1689,Greeley County,Nebraska
1690,Hall County,Nebraska
1691,Hamilton County,Nebraska
1692,Harlan County,Nebraska
1693,Hayes County,Nebraska
1694,Hitchcock County,Nebraska
1695,Holt County,Nebraska
1696,Hooker County,Nebraska
1697,Howard County,Nebraska
1698,Jefferson County,Nebraska
1699,Johnson County,Nebraska
1700,Kearney County,Nebraska
1701,Keith County,Nebraska
1702,Keya Paha County,Nebraska
1703,Kimball County,Nebraska
1704,Knox County,Nebraska
1705,Lancaster County,Nebraska
1706,Lincoln County,Nebraska
1707,Logan County,Nebraska
1708,Loup County,Nebraska
1709,McPherson County,Nebraska
1710,Madison County,Nebraska
1711,Merrick County,Nebraska
1712,Morrill County,Nebraska
1713,Nance County,Nebraska
1714,Nemaha County,Nebraska
1715,Nuckolls County,Nebraska
1716,Otoe County,Nebraska
1717,Pawnee County,Nebraska
1718,Perkins County,Nebraska
1719,Phelps County,Nebraska
1720,Pierce County,Nebraska
1721,Platte County,Nebraska
1722,Polk County,Nebraska
1723,Red Willow County,Nebraska
1724,Richardson County,Nebraska
1725,Rock County,Nebraska
1726,Saline County,Nebraska
1727,Sarpy County,Nebraska
1728,Saunders County,Nebraska
1729,Scotts Bluff County,Nebraska
1730,Seward County,Nebraska
1731,Sheridan County,Nebraska
1732,Sherman County,Nebraska
1733,Sioux County,Nebraska
1734,Stanton County,Nebraska
1735,Thayer County,Nebraska
1736,Thomas County,Nebraska
1737,Thurston County,Nebraska
1738,Valley County,Nebraska
1739,Washington County,Nebraska
1740,Wayne County,Nebraska
1741,Webster County,Nebraska
1742,Wheeler County,Nebraska
1743,York County,Nebraska
1744,Churchill County,Nevada
1745,Clark County,Nevada
1746,Douglas County,Nevada
1747,Elko County,Nevada
1748,Esmeralda County,Nevada
1749,Eureka County,Nevada
1750,Humboldt County,Nevada
1751,Lander County,Nevada
1752,Lincoln County,Nevada
1753,Lyon County,Nevada
1754,Mineral County,Nevada
1755,Nye County,Nevada
1756,Pershing County,Nevada
1757,Storey County,Nevada
1758,Washoe County,Nevada
1759,White Pine County,Nevada
1760,Carson City,Nevada
1761,Belknap County,New Hampshire
1762,Carroll County,New Hampshire
1763,Cheshire County,New Hampshire
1764,Coos County,New Hampshire
1765,Grafton County,New Hampshire
1766,Hillsborough County,New Hampshire
1767,Merrimack County,New Hampshire
1768,Rockingham County,New Hampshire
1769,Strafford County,New Hampshire
1770,Sullivan County,New Hampshire
1771,Atlantic County,New Jersey
1772,Bergen County,New Jersey
1773,Burlington County,New Jersey
1774,Camden County,New Jersey
1775,Cape May County,New Jersey
1776,Cumberland County,New Jersey
1777,Essex County,New Jersey
1778,Gloucester County,New Jersey
1779,Hudson County,New Jersey
1780,Hunterdon County,New Jersey
1781,Mercer County,New Jersey
1782,Middlesex County,New Jersey
1783,Monmouth County,New Jersey
1784,Morris County,New Jersey
1785,Ocean County,New Jersey
1786,Passaic County,New Jersey
1787,Salem County,New Jersey
1788,Somerset County,New Jersey
1789,Sussex County,New Jersey
1790,Union County,New Jersey
1791,Warren County,New Jersey
1792,Bernalillo County,New Mexico
1793,Catron County,New Mexico
1794,Chaves County,New Mexico
1795,Cibola County,New Mexico
1796,Colfax County,New Mexico
1797,Curry County,New Mexico
1798,De Baca County,New Mexico
1799,Do├▒a Ana County,New Mexico
1800,Eddy County,New Mexico
1801,Grant County,New Mexico
1802,Guadalupe County,New Mexico
1803,Harding County,New Mexico
1804,Hidalgo County,New Mexico
1805,Lea County,New Mexico
1806,Lincoln County,New Mexico
1807,Los Alamos County,New Mexico
1808,Luna County,New Mexico
1809,McKinley County,New Mexico
1810,Mora County,New Mexico
1811,Otero County,New Mexico
1812,Quay County,New Mexico
1813,Rio Arriba County,New Mexico
1814,Roosevelt County,New Mexico
1815,Sandoval County,New Mexico
1816,San Juan County,New Mexico
1817,San Miguel County,New Mexico
1818,Santa Fe County,New Mexico
1819,Sierra County,New Mexico
1820,Socorro County,New Mexico
1821,Taos County,New Mexico
1822,Torrance County,New Mexico
1823,Union County,New Mexico
1824,Valencia County,New Mexico
1825,Albany County,New York
1826,Allegany County,New York
1827,Bronx County,New York
1828,Broome County,New York
1829,Cattaraugus County,New York
1830,Cayuga County,New York
1831,Chautauqua County,New York
1832,Chemung County,New York
1833,Chenango County,New York
1834,Clinton County,New York
1835,Columbia County,New York
1836,Cortland County,New York
1837,Delaware County,New York
1838,Dutchess County,New York
1839,Erie County,New York
1840,Essex County,New York
1841,Franklin County,New York
1842,Fulton County,New York
1843,Genesee County,New York
1844,Greene County,New York
1845,Hamilton County,New York
1846,Herkimer County,New York
1847,Jefferson County,New York
1848,Kings County,New York
1849,Lewis County,New York
1850,Livingston County,New York
1851,Madison County,New York
1852,Monroe County,New York
1853,Montgomery County,New York
1854,Nassau County,New York
1855,New York County,New York
1856,Niagara County,New York
1857,Oneida County,New York
1858,Onondaga County,New York
1859,Ontario County,New York
1860,Orange County,New York
1861,Orleans County,New York
1862,Oswego County,New York
1863,Otsego County,New York
1864,Putnam County,New York
1865,Queens County,New York
1866,Rensselaer County,New York
1867,Richmond County,New York
1868,Rockland County,New York
1869,St. Lawrence County,New York
1870,Saratoga County,New York
1871,Schenectady County,New York
1872,Schoharie County,New York
1873,Schuyler County,New York
1874,Seneca County,New York
1875,Steuben County,New York
1876,Suffolk County,New York
1877,Sullivan County,New York
1878,Tioga County,New York
1879,Tompkins County,New York
1880,Ulster County,New York
1881,Warren County,New York
1882,Washington County,New York
1883,Wayne County,New York
1884,Westchester County,New York
1885,Wyoming County,New York
1886,Yates County,New York
1887,Alamance County,North Carolina
1888,Alexander County,North Carolina
1889,Alleghany County,North Carolina
1890,Anson County,North Carolina
1891,Ashe County,North Carolina
1892,Avery County,North Carolina
1893,Beaufort County,North Carolina
1894,Bertie County,North Carolina
1895,Bladen County,North Carolina
1896,Brunswick County,North Carolina
1897,Buncombe County,North Carolina
1898,Burke County,North Carolina
1899,Cabarrus County,North Carolina
1900,Caldwell County,North Carolina
1901,Camden County,North Carolina
1902,Carteret County,North Carolina
1903,Caswell County,North Carolina
1904,Catawba County,North Carolina
1905,Chatham County,North Carolina
1906,Cherokee County,North Carolina
1907,Chowan County,North Carolina
1908,Clay County,North Carolina
1909,Cleveland County,North Carolina
1910,Columbus County,North Carolina
1911,Craven County,North Carolina
1912,Cumberland County,North Carolina
1913,Currituck County,North Carolina
1914,Dare County,North Carolina
1915,Davidson County,North Carolina
1916,Davie County,North Carolina
1917,Duplin County,North Carolina
1918,Durham County,North Carolina
1919,Edgecombe County,North Carolina
1920,Forsyth County,North Carolina
1921,Franklin County,North Carolina
1922,Gaston County,North Carolina
1923,Gates County,North Carolina
1924,Graham County,North Carolina
1925,Granville County,North Carolina
1926,Greene County,North Carolina
1927,Guilford County,North Carolina
1928,Halifax County,North Carolina
1929,Harnett County,North Carolina
1930,Haywood County,North Carolina
1931,Henderson County,North Carolina
1932,Hertford County,North Carolina
1933,Hoke County,North Carolina
1934,Hyde County,North Carolina
1935,Iredell County,North Carolina
1936,Jackson County,North Carolina
1937,Johnston County,North Carolina
1938,Jones County,North Carolina
1939,Lee County,North Carolina
1940,Lenoir County,North Carolina
1941,Lincoln County,North Carolina
1942,McDowell County,North Carolina
1943,Macon County,North Carolina
1944,Madison County,North Carolina
1945,Martin County,North Carolina
1946,Mecklenburg County,North Carolina
1947,Mitchell County,North Carolina
1948,Montgomery County,North Carolina
1949,Moore County,North Carolina
1950,Nash County,North Carolina
1951,New Hanover County,North Carolina
1952,Northampton County,North Carolina
1953,Onslow County,North Carolina
1954,Orange County,North Carolina
1955,Pamlico County,North Carolina
1956,Pasquotank County,North Carolina
1957,Pender County,North Carolina
1958,Perquimans County,North Carolina
1959,Person County,North Carolina
1960,Pitt County,North Carolina
1961,Polk County,North Carolina
1962,Randolph County,North Carolina
1963,Richmond County,North Carolina
1964,Robeson County,North Carolina
1965,Rockingham County,North Carolina
1966,Rowan County,North Carolina
1967,Rutherford County,North Carolina
1968,Sampson County,North Carolina
1969,Scotland County,North Carolina
1970,Stanly County,North Carolina
1971,Stokes County,North Carolina
1972,Surry County,North Carolina
1973,Swain County,North Carolina
1974,Transylvania County,North Carolina
1975,Tyrrell County,North Carolina
1976,Union County,North Carolina
1977,Vance County,North Carolina
1978,Wake County,North Carolina
1979,Warren County,North Carolina
1980,Washington County,North Carolina
1981,Watauga County,North Carolina
1982,Wayne County,North Carolina
1983,Wilkes County,North Carolina
1984,Wilson County,North Carolina
1985,Yadkin County,North Carolina
1986,Yancey County,North Carolina
1987,Adams County,North Dakota
1988,Barnes County,North Dakota
1989,Benson County,North Dakota
1990,Billings County,North Dakota
1991,Bottineau County,North Dakota
1992,Bowman County,North Dakota
1993,Burke County,North Dakota
1994,Burleigh County,North Dakota
1995,Cass County,North Dakota
1996,Cavalier County,North Dakota
1997,Dickey County,North Dakota
1998,Divide County,North Dakota
1999,Dunn County,North Dakota
2000,Eddy County,North Dakota
2001,Emmons County,North Dakota
2002,Foster County,North Dakota
2003,Golden Valley County,North Dakota
2004,Grand Forks County,North Dakota
2005,Grant County,North Dakota
2006,Griggs County,North Dakota
2007,Hettinger County,North Dakota
2008,Kidder County,North Dakota
2009,LaMoure County,North Dakota
2010,Logan County,North Dakota
2011,McHenry County,North Dakota
2012,McIntosh County,North Dakota
2013,McKenzie County,North Dakota
2014,McLean County,North Dakota
2015,Mercer County,North Dakota
2016,Morton County,North Dakota
2017,Mountrail County,North Dakota
2018,Nelson County,North Dakota
2019,Oliver County,North Dakota
2020,Pembina County,North Dakota
2021,Pierce County,North Dakota
2022,Ramsey County,North Dakota
2023,Ransom County,North Dakota
2024,Renville County,North Dakota
2025,Richland County,North Dakota
2026,Rolette County,North Dakota
2027,Sargent County,North Dakota
2028,Sheridan County,North Dakota
2029,Sioux County,North Dakota
2030,Slope County,North Dakota
2031,Stark County,North Dakota
2032,Steele County,North Dakota
2033,Stutsman County,North Dakota
2034,Towner County,North Dakota
2035,Traill County,North Dakota
2036,Walsh County,North Dakota
2037,Ward County,North Dakota
2038,Wells County,North Dakota
2039,Williams County,North Dakota
2040,Adams County,Ohio
2041,Allen County,Ohio
2042,Ashland County,Ohio
2043,Ashtabula County,Ohio
2044,Athens County,Ohio
2045,Auglaize County,Ohio
2046,Belmont County,Ohio
2047,Brown County,Ohio
2048,Butler County,Ohio
2049,Carroll County,Ohio
2050,Champaign County,Ohio
2051,Clark County,Ohio
2052,Clermont County,Ohio
2053,Clinton County,Ohio
2054,Columbiana County,Ohio
2055,Coshocton County,Ohio
2056,Crawford County,Ohio
2057,Cuyahoga County,Ohio
2058,Darke County,Ohio
2059,Defiance County,Ohio
2060,Delaware County,Ohio
2061,Erie County,Ohio
2062,Fairfield County,Ohio
2063,Fayette County,Ohio
2064,Franklin County,Ohio
2065,Fulton County,Ohio
2066,Gallia County,Ohio
2067,Geauga County,Ohio
2068,Greene County,Ohio
2069,Guernsey County,Ohio
2070,Hamilton County,Ohio
2071,Hancock County,Ohio
2072,Hardin County,Ohio
2073,Harrison County,Ohio
2074,Henry County,Ohio
2075,Highland County,Ohio
2076,Hocking County,Ohio
2077,Holmes County,Ohio
2078,Huron County,Ohio
2079,Jackson County,Ohio
2080,Jefferson County,Ohio
2081,Knox County,Ohio
2082,Lake County,Ohio
2083,Lawrence County,Ohio
2084,Licking County,Ohio
2085,Logan County,Ohio
2086,Lorain County,Ohio
2087,Lucas County,Ohio
2088,Madison County,Ohio
2089,Mahoning County,Ohio
2090,Marion County,Ohio
2091,Medina County,Ohio
2092,Meigs County,Ohio
2093,Mercer County,Ohio
2094,Miami County,Ohio
2095,Monroe County,Ohio
2096,Montgomery County,Ohio
2097,Morgan County,Ohio
2098,Morrow County,Ohio
2099,Muskingum County,Ohio
2100,Noble County,Ohio
2101,Ottawa County,Ohio
2102,Paulding County,Ohio
2103,Perry County,Ohio
2104,Pickaway County,Ohio
2105,Pike County,Ohio
2106,Portage County,Ohio
2107,Preble County,Ohio
2108,Putnam County,Ohio
2109,Richland County,Ohio
2110,Ross County,Ohio
2111,Sandusky County,Ohio
2112,Scioto County,Ohio
2113,Seneca County,Ohio
2114,Shelby County,Ohio
2115,Stark County,Ohio
2116,Summit County,Ohio
2117,Trumbull County,Ohio
2118,Tuscarawas County,Ohio
2119,Union County,Ohio
2120,Van Wert County,Ohio
2121,Vinton County,Ohio
2122,Warren County,Ohio
2123,Washington County,Ohio
2124,Wayne County,Ohio
2125,Williams County,Ohio
2126,Wood County,Ohio
2127,Wyandot County,Ohio
2128,Adair County,Oklahoma
2129,Alfalfa County,Oklahoma
2130,Atoka County,Oklahoma
2131,Beaver County,Oklahoma
2132,Beckham County,Oklahoma
2133,Blaine County,Oklahoma
2134,Bryan County,Oklahoma
2135,Caddo County,Oklahoma
2136,Canadian County,Oklahoma
2137,Carter County,Oklahoma
2138,Cherokee County,Oklahoma
2139,Choctaw County,Oklahoma
2140,Cimarron County,Oklahoma
2141,Cleveland County,Oklahoma
2142,Coal County,Oklahoma
2143,Comanche County,Oklahoma
2144,Cotton County,Oklahoma
2145,Craig County,Oklahoma
2146,Creek County,Oklahoma
2147,Custer County,Oklahoma
2148,Delaware County,Oklahoma
2149,Dewey County,Oklahoma
2150,Ellis County,Oklahoma
2151,Garfield County,Oklahoma
2152,Garvin County,Oklahoma
2153,Grady County,Oklahoma
2154,Grant County,Oklahoma
2155,Greer County,Oklahoma
2156,Harmon County,Oklahoma
2157,Harper County,Oklahoma
2158,Haskell County,Oklahoma
2159,Hughes County,Oklahoma
2160,Jackson County,Oklahoma
2161,Jefferson County,Oklahoma
2162,Johnston County,Oklahoma
2163,Kay County,Oklahoma
2164,Kingfisher County,Oklahoma
2165,Kiowa County,Oklahoma
2166,Latimer County,Oklahoma
2167,Le Flore County,Oklahoma
2168,Lincoln County,Oklahoma
2169,Logan County,Oklahoma
2170,Love County,Oklahoma
2171,McClain County,Oklahoma
2172,McCurtain County,Oklahoma
2173,McIntosh County,Oklahoma
2174,Major County,Oklahoma
2175,Marshall County,Oklahoma
2176,Mayes County,Oklahoma
2177,Murray County,Oklahoma
2178,Muskogee County,Oklahoma
2179,Noble County,Oklahoma
2180,Nowata County,Oklahoma
2181,Okfuskee County,Oklahoma
2182,Oklahoma County,Oklahoma
2183,Okmulgee County,Oklahoma
2184,Osage County,Oklahoma
2185,Ottawa County,Oklahoma
2186,Pawnee County,Oklahoma
2187,Payne County,Oklahoma
2188,Pittsburg County,Oklahoma
2189,Pontotoc County,Oklahoma
2190,Pottawatomie County,Oklahoma
2191,Pushmataha County,Oklahoma
2192,Roger Mills County,Oklahoma
2193,Rogers County,Oklahoma
2194,Seminole County,Oklahoma
2195,Sequoyah County,Oklahoma
2196,Stephens County,Oklahoma
2197,Texas County,Oklahoma
2198,Tillman County,Oklahoma
2199,Tulsa County,Oklahoma
2200,Wagoner County,Oklahoma
2201,Washington County,Oklahoma
2202,Washita County,Oklahoma
2203,Woods County,Oklahoma
2204,Woodward County,Oklahoma
2205,Baker County,Oregon
2206,Benton County,Oregon
2207,Clackamas County,Oregon
2208,Clatsop County,Oregon
2209,Columbia County,Oregon
2210,Coos County,Oregon
2211,Crook County,Oregon
2212,Curry County,Oregon
2213,Deschutes County,Oregon
2214,Douglas County,Oregon
2215,Gilliam County,Oregon
2216,Grant County,Oregon
2217,Harney County,Oregon
2218,Hood River County,Oregon
2219,Jackson County,Oregon
2220,Jefferson County,Oregon
2221,Josephine County,Oregon
2222,Klamath County,Oregon
2223,Lake County,Oregon
2224,Lane County,Oregon
2225,Lincoln County,Oregon
2226,Linn County,Oregon
2227,Malheur County,Oregon
2228,Marion County,Oregon
2229,Morrow County,Oregon
2230,Multnomah County,Oregon
2231,Polk County,Oregon
2232,Sherman County,Oregon
2233,Tillamook County,Oregon
2234,Umatilla County,Oregon
2235,Union County,Oregon
2236,Wallowa County,Oregon
2237,Wasco County,Oregon
2238,Washington County,Oregon
2239,Wheeler County,Oregon
2240,Yamhill County,Oregon
2241,Adams County,Pennsylvania
2242,Allegheny County,Pennsylvania
2243,Armstrong County,Pennsylvania
2244,Beaver County,Pennsylvania
2245,Bedford County,Pennsylvania
2246,Berks County,Pennsylvania
2247,Blair County,Pennsylvania
2248,Bradford County,Pennsylvania
2249,Bucks County,Pennsylvania
2250,Butler County,Pennsylvania
2251,Cambria County,Pennsylvania
2252,Cameron County,Pennsylvania
2253,Carbon County,Pennsylvania
2254,Centre County,Pennsylvania
2255,Chester County,Pennsylvania
2256,Clarion County,Pennsylvania
2257,Clearfield County,Pennsylvania
2258,Clinton County,Pennsylvania
2259,Columbia County,Pennsylvania
2260,Crawford County,Pennsylvania
2261,Cumberland County,Pennsylvania
2262,Dauphin County,Pennsylvania
2263,Delaware County,Pennsylvania
2264,Elk County,Pennsylvania
2265,Erie County,Pennsylvania
2266,Fayette County,Pennsylvania
2267,Forest County,Pennsylvania
2268,Franklin County,Pennsylvania
2269,Fulton County,Pennsylvania
2270,Greene County,Pennsylvania
2271,Huntingdon County,Pennsylvania
2272,Indiana County,Pennsylvania
2273,Jefferson County,Pennsylvania
2274,Juniata County,Pennsylvania
2275,Lackawanna County,Pennsylvania
2276,Lancaster County,Pennsylvania
2277,Lawrence County,Pennsylvania
2278,Lebanon County,Pennsylvania
2279,Lehigh County,Pennsylvania
2280,Luzerne County,Pennsylvania
2281,Lycoming County,Pennsylvania
2282,McKean County,Pennsylvania
2283,Mercer County,Pennsylvania
2284,Mifflin County,Pennsylvania
2285,Monroe County,Pennsylvania
2286,Montgomery County,Pennsylvania
2287,Montour County,Pennsylvania
2288,Northampton County,Pennsylvania
2289,Northumberland County,Pennsylvania
2290,Perry County,Pennsylvania
2291,Philadelphia County,Pennsylvania
2292,Pike County,Pennsylvania
2293,Potter County,Pennsylvania
2294,Schuylkill County,Pennsylvania
2295,Snyder County,Pennsylvania
2296,Somerset County,Pennsylvania
2297,Sullivan County,Pennsylvania
2298,Susquehanna County,Pennsylvania
2299,Tioga County,Pennsylvania
2300,Union County,Pennsylvania
2301,Venango County,Pennsylvania
2302,Warren County,Pennsylvania
2303,Washington County,Pennsylvania
2304,Wayne County,Pennsylvania
2305,Westmoreland County,Pennsylvania
2306,Wyoming County,Pennsylvania
2307,York County,Pennsylvania
2308,Bristol County,Rhode Island
2309,Kent County,Rhode Island
2310,Newport County,Rhode Island
2311,Providence County,Rhode Island
2312,Washington County,Rhode Island
2313,Abbeville County,South Carolina
2314,Aiken County,South Carolina
2315,Allendale County,South Carolina
2316,Anderson County,South Carolina
2317,Bamberg County,South Carolina
2318,Barnwell County,South Carolina
2319,Beaufort County,South Carolina
2320,Berkeley County,South Carolina
2321,Calhoun County,South Carolina
2322,Charleston County,South Carolina
2323,Cherokee County,South Carolina
2324,Chester County,South Carolina
2325,Chesterfield County,South Carolina
2326,Clarendon County,South Carolina
2327,Colleton County,South Carolina
2328,Darlington County,South Carolina
2329,Dillon County,South Carolina
2330,Dorchester County,South Carolina
2331,Edgefield County,South Carolina
2332,Fairfield County,South Carolina
2333,Florence County,South Carolina
2334,Georgetown County,South Carolina
2335,Greenville County,South Carolina
2336,Greenwood County,South Carolina
2337,Hampton County,South Carolina
2338,Horry County,South Carolina
2339,Jasper County,South Carolina
2340,Kershaw County,South Carolina
2341,Lancaster County,South Carolina
2342,Laurens County,South Carolina
2343,Lee County,South Carolina
2344,Lexington County,South Carolina
2345,McCormick County,South Carolina
2346,Marion County,South Carolina
2347,Marlboro County,South Carolina
2348,Newberry County,South Carolina
2349,Oconee County,South Carolina
2350,Orangeburg County,South Carolina
2351,Pickens County,South Carolina
2352,Richland County,South Carolina
2353,Saluda County,South Carolina
2354,Spartanburg County,South Carolina
2355,Sumter County,South Carolina
2356,Union County,South Carolina
2357,Williamsburg County,South Carolina
2358,York County,South Carolina
2359,Aurora County,South Dakota
2360,Beadle County,South Dakota
2361,Bennett County,South Dakota
2362,Bon Homme County,South Dakota
2363,Brookings County,South Dakota
2364,Brown County,South Dakota
2365,Brule County,South Dakota
2366,Buffalo County,South Dakota
2367,Butte County,South Dakota
2368,Campbell County,South Dakota
2369,Charles Mix County,South Dakota
2370,Clark County,South Dakota
2371,Clay County,South Dakota
2372,Codington County,South Dakota
2373,Corson County,South Dakota
2374,Custer County,South Dakota
2375,Davison County,South Dakota
2376,Day County,South Dakota
2377,Deuel County,South Dakota
2378,Dewey County,South Dakota
2379,Douglas County,South Dakota
2380,Edmunds County,South Dakota
2381,Fall River County,South Dakota
2382,Faulk County,South Dakota
2383,Grant County,South Dakota
2384,Gregory County,South Dakota
2385,Haakon County,South Dakota
2386,Hamlin County,South Dakota
2387,Hand County,South Dakota
2388,Hanson County,South Dakota
2389,Harding County,South Dakota
2390,Hughes County,South Dakota
2391,Hutchinson County,South Dakota
2392,Hyde County,South Dakota
2393,Jackson County,South Dakota
2394,Jerauld County,South Dakota
2395,Jones County,South Dakota
2396,Kingsbury County,South Dakota
2397,Lake County,South Dakota
2398,Lawrence County,South Dakota
2399,Lincoln County,South Dakota
2400,Lyman County,South Dakota
2401,McCook County,South Dakota
2402,McPherson County,South Dakota
2403,Marshall County,South Dakota
2404,Meade County,South Dakota
2405,Mellette County,South Dakota
2406,Miner County,South Dakota
2407,Minnehaha County,South Dakota
2408,Moody County,South Dakota
2409,Oglala Lakota County,South Dakota
2410,Pennington County,South Dakota
2411,Perkins County,South Dakota
2412,Potter County,South Dakota
2413,Roberts County,South Dakota
2414,Sanborn County,South Dakota
2415,Spink County,South Dakota
2416,Stanley County,South Dakota
2417,Sully County,South Dakota
2418,Todd County,South Dakota
2419,Tripp County,South Dakota
2420,Turner County,South Dakota
2421,Union County,South Dakota
2422,Walworth County,South Dakota
2423,Yankton County,South Dakota
2424,Ziebach County,South Dakota
2425,Anderson County,Tennessee
2426,Bedford County,Tennessee
2427,Benton County,Tennessee
2428,Bledsoe County,Tennessee
2429,Blount County,Tennessee
2430,Bradley County,Tennessee
2431,Campbell County,Tennessee
2432,Cannon County,Tennessee
2433,Carroll County,Tennessee
2434,Carter County,Tennessee
2435,Cheatham County,Tennessee
2436,Chester County,Tennessee
2437,Claiborne County,Tennessee
2438,Clay County,Tennessee
2439,Cocke County,Tennessee
2440,Coffee County,Tennessee
2441,Crockett County,Tennessee
2442,Cumberland County,Tennessee
2443,Davidson County,Tennessee
2444,Decatur County,Tennessee
2445,DeKalb County,Tennessee
2446,Dickson County,Tennessee
2447,Dyer County,Tennessee
2448,Fayette County,Tennessee
2449,Fentress County,Tennessee
2450,Franklin County,Tennessee
2451,Gibson County,Tennessee
2452,Giles County,Tennessee
2453,Grainger County,Tennessee
2454,Greene County,Tennessee
2455,Grundy County,Tennessee
2456,Hamblen County,Tennessee
2457,Hamilton County,Tennessee
2458,Hancock County,Tennessee
2459,Hardeman County,Tennessee
2460,Hardin County,Tennessee
2461,Hawkins County,Tennessee
2462,Haywood County,Tennessee
2463,Henderson County,Tennessee
2464,Henry County,Tennessee
2465,Hickman County,Tennessee
2466,Houston County,Tennessee
2467,Humphreys County,Tennessee
2468,Jackson County,Tennessee
2469,Jefferson County,Tennessee
2470,Johnson County,Tennessee
2471,Knox County,Tennessee
2472,Lake County,Tennessee
2473,Lauderdale County,Tennessee
2474,Lawrence County,Tennessee
2475,Lewis County,Tennessee
2476,Lincoln County,Tennessee
2477,Loudon County,Tennessee
2478,McMinn County,Tennessee
2479,McNairy County,Tennessee
2480,Macon County,Tennessee
2481,Madison County,Tennessee
2482,Marion County,Tennessee
2483,Marshall County,Tennessee
2484,Maury County,Tennessee
2485,Meigs County,Tennessee
2486,Monroe County,Tennessee
2487,Montgomery County,Tennessee
2488,Moore County,Tennessee
2489,Morgan County,Tennessee
2490,Obion County,Tennessee
2491,Overton County,Tennessee
2492,Perry County,Tennessee
2493,Pickett County,Tennessee
2494,Polk County,Tennessee
2495,Putnam County,Tennessee
2496,Rhea County,Tennessee
2497,Roane County,Tennessee
2498,Robertson County,Tennessee
2499,Rutherford County,Tennessee
2500,Scott County,Tennessee
2501,Sequatchie County,Tennessee
2502,Sevier County,Tennessee
2503,Shelby County,Tennessee
2504,Smith County,Tennessee
2505,Stewart County,Tennessee
2506,Sullivan County,Tennessee
2507,Sumner County,Tennessee
2508,Tipton County,Tennessee
2509,Trousdale County,Tennessee
2510,Unicoi County,Tennessee
2511,Union County,Tennessee
2512,Van Buren County,Tennessee
2513,Warren County,Tennessee
2514,Washington County,Tennessee
2515,Wayne County,Tennessee
2516,Weakley County,Tennessee
2517,White County,Tennessee
2518,Williamson County,Tennessee
2519,Wilson County,Tennessee
2520,Anderson County,Texas
2521,Andrews County,Texas
2522,Angelina County,Texas
2523,Aransas County,Texas
2524,Archer County,Texas
2525,Armstrong County,Texas
2526,Atascosa County,Texas
2527,Austin County,Texas
2528,Bailey County,Texas
2529,Bandera County,Texas
2530,Bastrop County,Texas
2531,Baylor County,Texas
2532,Bee County,Texas
2533,Bell County,Texas
2534,Bexar County,Texas
2535,Blanco County,Texas
2536,Borden County,Texas
2537,Bosque County,Texas
2538,Bowie County,Texas
2539,Brazoria County,Texas
2540,Brazos County,Texas
2541,Brewster County,Texas
2542,Briscoe County,Texas
2543,Brooks County,Texas
2544,Brown County,Texas
2545,Burleson County,Texas
2546,Burnet County,Texas
2547,Caldwell County,Texas
2548,Calhoun County,Texas
2549,Callahan County,Texas
2550,Cameron County,Texas
2551,Camp County,Texas
2552,Carson County,Texas
2553,Cass County,Texas
2554,Castro County,Texas
2555,Chambers County,Texas
2556,Cherokee County,Texas
2557,Childress County,Texas
2558,Clay County,Texas
2559,Cochran County,Texas
2560,Coke County,Texas
2561,Coleman County,Texas
2562,Collin County,Texas
2563,Collingsworth County,Texas
2564,Colorado County,Texas
2565,Comal County,Texas
2566,Comanche County,Texas
2567,Concho County,Texas
2568,Cooke County,Texas
2569,Coryell County,Texas
2570,Cottle County,Texas
2571,Crane County,Texas
2572,Crockett County,Texas
2573,Crosby County,Texas
2574,Culberson County,Texas
2575,Dallam County,Texas
2576,Dallas County,Texas
2577,Dawson County,Texas
2578,Deaf Smith County,Texas
2579,Delta County,Texas
2580,Denton County,Texas
2581,DeWitt County,Texas
2582,Dickens County,Texas
2583,Dimmit County,Texas
2584,Donley County,Texas
2585,Duval County,Texas
2586,Eastland County,Texas
2587,Ector County,Texas
2588,Edwards County,Texas
2589,Ellis County,Texas
2590,El Paso County,Texas
2591,Erath County,Texas
2592,Falls County,Texas
2593,Fannin County,Texas
2594,Fayette County,Texas
2595,Fisher County,Texas
2596,Floyd County,Texas
2597,Foard County,Texas
2598,Fort Bend County,Texas
2599,Franklin County,Texas
2600,Freestone County,Texas
2601,Frio County,Texas
2602,Gaines County,Texas
2603,Galveston County,Texas
2604,Garza County,Texas
2605,Gillespie County,Texas
2606,Glasscock County,Texas
2607,Goliad County,Texas
2608,Gonzales County,Texas
2609,Gray County,Texas
2610,Grayson County,Texas
2611,Gregg County,Texas
2612,Grimes County,Texas
2613,Guadalupe County,Texas
2614,Hale County,Texas
2615,Hall County,Texas
2616,Hamilton County,Texas
2617,Hansford County,Texas
2618,Hardeman County,Texas
2619,Hardin County,Texas
2620,Harris County,Texas
2621,Harrison County,Texas
2622,Hartley County,Texas
2623,Haskell County,Texas
2624,Hays County,Texas
2625,Hemphill County,Texas
2626,Henderson County,Texas
2627,Hidalgo County,Texas
2628,Hill County,Texas
2629,Hockley County,Texas
2630,Hood County,Texas
2631,Hopkins County,Texas
2632,Houston County,Texas
2633,Howard County,Texas
2634,Hudspeth County,Texas
2635,Hunt County,Texas
2636,Hutchinson County,Texas
2637,Irion County,Texas
2638,Jack County,Texas
2639,Jackson County,Texas
2640,Jasper County,Texas
2641,Jeff Davis County,Texas
2642,Jefferson County,Texas
2643,Jim Hogg County,Texas
2644,Jim Wells County,Texas
2645,Johnson County,Texas
2646,Jones County,Texas
2647,Karnes County,Texas
2648,Kaufman County,Texas
2649,Kendall County,Texas
2650,Kenedy County,Texas
2651,Kent County,Texas
2652,Kerr County,Texas
2653,Kimble County,Texas
2654,King County,Texas
2655,Kinney County,Texas
2656,Kleberg County,Texas
2657,Knox County,Texas
2658,Lamar County,Texas
2659,Lamb County,Texas
2660,Lampasas County,Texas
2661,La Salle County,Texas
2662,Lavaca County,Texas
2663,Lee County,Texas
2664,Leon County,Texas
2665,Liberty County,Texas
2666,Limestone County,Texas
2667,Lipscomb County,Texas
2668,Live Oak County,Texas
2669,Llano County,Texas
2670,Loving County,Texas
2671,Lubbock County,Texas
2672,Lynn County,Texas
2673,McCulloch County,Texas
2674,McLennan County,Texas
2675,McMullen County,Texas
2676,Madison County,Texas
2677,Marion County,Texas
2678,Martin County,Texas
2679,Mason County,Texas
2680,Matagorda County,Texas
2681,Maverick County,Texas
2682,Medina County,Texas
2683,Menard County,Texas
2684,Midland County,Texas
2685,Milam County,Texas
2686,Mills County,Texas
2687,Mitchell County,Texas
2688,Montague County,Texas
2689,Montgomery County,Texas
2690,Moore County,Texas
2691,Morris County,Texas
2692,Motley County,Texas
2693,Nacogdoches County,Texas
2694,Navarro County,Texas
2695,Newton County,Texas
2696,Nolan County,Texas
2697,Nueces County,Texas
2698,Ochiltree County,Texas
2699,Oldham County,Texas
2700,Orange County,Texas
2701,Palo Pinto County,Texas
2702,Panola County,Texas
2703,Parker County,Texas
2704,Parmer County,Texas
2705,Pecos County,Texas
2706,Polk County,Texas
2707,Potter County,Texas
2708,Presidio County,Texas
2709,Rains County,Texas
2710,Randall County,Texas
2711,Reagan County,Texas
2712,Real County,Texas
2713,Red River County,Texas
2714,Reeves County,Texas
2715,Refugio County,Texas
2716,Roberts County,Texas
2717,Robertson County,Texas
2718,Rockwall County,Texas
2719,Runnels County,Texas
2720,Rusk County,Texas
2721,Sabine County,Texas
2722,San Augustine County,Texas
2723,San Jacinto County,Texas
2724,San Patricio County,Texas
2725,San Saba County,Texas
2726,Schleicher County,Texas
2727,Scurry County,Texas
2728,Shackelford County,Texas
2729,Shelby County,Texas
2730,Sherman County,Texas
2731,Smith County,Texas
2732,Somervell County,Texas
2733,Starr County,Texas
2734,Stephens County,Texas
2735,Sterling County,Texas
2736,Stonewall County,Texas
2737,Sutton County,Texas
2738,Swisher County,Texas
2739,Tarrant County,Texas
2740,Taylor County,Texas
2741,Terrell County,Texas
2742,Terry County,Texas
2743,Throckmorton County,Texas
2744,Titus County,Texas
2745,Tom Green County,Texas
2746,Travis County,Texas
2747,Trinity County,Texas
2748,Tyler County,Texas
2749,Upshur County,Texas
2750,Upton County,Texas
2751,Uvalde County,Texas
2752,Val Verde County,Texas
2753,Van Zandt County,Texas
2754,Victoria County,Texas
2755,Walker County,Texas
2756,Waller County,Texas
2757,Ward County,Texas
2758,Washington County,Texas
2759,Webb County,Texas
2760,Wharton County,Texas
2761,Wheeler County,Texas
2762,Wichita County,Texas
2763,Wilbarger County,Texas
2764,Willacy County,Texas
2765,Williamson County,Texas
2766,Wilson County,Texas
2767,Winkler County,Texas
2768,Wise County,Texas
2769,Wood County,Texas
2770,Yoakum County,Texas
2771,Young County,Texas
2772,Zapata County,Texas
2773,Zavala County,Texas
2774,Beaver County,Utah
2775,Box Elder County,Utah
2776,Cache County,Utah
2777,Carbon County,Utah
2778,Daggett County,Utah
2779,Davis County,Utah
2780,Duchesne County,Utah
2781,Emery County,Utah
2782,Garfield County,Utah
2783,Grand County,Utah
2784,Iron County,Utah
2785,Juab County,Utah
2786,Kane County,Utah
2787,Millard County,Utah
2788,Morgan County,Utah
2789,Piute County,Utah
2790,Rich County,Utah
2791,Salt Lake County,Utah
2792,San Juan County,Utah
2793,Sanpete County,Utah
2794,Sevier County,Utah
2795,Summit County,Utah
2796,Tooele County,Utah
2797,Uintah County,Utah
2798,Utah County,Utah
2799,Wasatch County,Utah
2800,Washington County,Utah
2801,Wayne County,Utah
2802,Weber County,Utah
2803,Addison County,Vermont
2804,Bennington County,Vermont
2805,Caledonia County,Vermont
2806,Chittenden County,Vermont
2807,Essex County,Vermont
2808,Franklin County,Vermont
2809,Grand Isle County,Vermont
2810,Lamoille County,Vermont
2811,Orange County,Vermont
2812,Orleans County,Vermont
2813,Rutland County,Vermont
2814,Washington County,Vermont
2815,Windham County,Vermont
2816,Windsor County,Vermont
2817,Accomack County,Virginia
2818,Albemarle County,Virginia
2819,Alleghany County,Virginia
2820,Amelia County,Virginia
2821,Amherst County,Virginia
2822,Appomattox County,Virginia
2823,Arlington County,Virginia
2824,Augusta County,Virginia
2825,Bath County,Virginia
2826,Bedford County,Virginia
2827,Bland County,Virginia
2828,Botetourt County,Virginia
2829,Brunswick County,Virginia
2830,Buchanan County,Virginia
2831,Buckingham County,Virginia
2832,Campbell County,Virginia
2833,Caroline County,Virginia
2834,Carroll County,Virginia
2835,Charles City County,Virginia
2836,Charlotte County,Virginia
2837,Chesterfield County,Virginia
2838,Clarke County,Virginia
2839,Craig County,Virginia
2840,Culpeper County,Virginia
2841,Cumberland County,Virginia
2842,Dickenson County,Virginia
2843,Dinwiddie County,Virginia
2844,Essex County,Virginia
2845,Fairfax County,Virginia
2846,Fauquier County,Virginia
2847,Floyd County,Virginia
2848,Fluvanna County,Virginia
2849,Franklin County,Virginia
2850,Frederick County,Virginia
2851,Giles County,Virginia
2852,Gloucester County,Virginia
2853,Goochland County,Virginia
2854,Grayson County,Virginia
2855,Greene County,Virginia
2856,Greensville County,Virginia
2857,Halifax County,Virginia
2858,Hanover County,Virginia
2859,Henrico County,Virginia
2860,Henry County,Virginia
2861,Highland County,Virginia
2862,Isle of Wight County,Virginia
2863,James City County,Virginia
2864,King and Queen County,Virginia
2865,King George County,Virginia
2866,King William County,Virginia
2867,Lancaster County,Virginia
2868,Lee County,Virginia
2869,Loudoun County,Virginia
2870,Louisa County,Virginia
2871,Lunenburg County,Virginia
2872,Madison County,Virginia
2873,Mathews County,Virginia
2874,Mecklenburg County,Virginia
2875,Middlesex County,Virginia
2876,Montgomery County,Virginia
2877,Nelson County,Virginia
2878,New Kent County,Virginia
2879,Northampton County,Virginia
2880,Northumberland County,Virginia
2881,Nottoway County,Virginia
2882,Orange County,Virginia
2883,Page County,Virginia
2884,Patrick County,Virginia
2885,Pittsylvania County,Virginia
2886,Powhatan County,Virginia
2887,Prince Edward County,Virginia
2888,Prince George County,Virginia
2889,Prince William County,Virginia
2890,Pulaski County,Virginia
2891,Rappahannock County,Virginia
2892,Richmond County,Virginia
2893,Roanoke County,Virginia
2894,Rockbridge County,Virginia
2895,Rockingham County,Virginia
2896,Russell County,Virginia
2897,Scott County,Virginia
2898,Shenandoah County,Virginia
2899,Smyth County,Virginia
2900,Southampton County,Virginia
2901,Spotsylvania County,Virginia
2902,Stafford County,Virginia
2903,Surry County,Virginia
2904,Sussex County,Virginia
2905,Tazewell County,Virginia
2906,Warren County,Virginia
2907,Washington County,Virginia
2908,Westmoreland County,Virginia
2909,Wise County,Virginia
2910,Wythe County,Virginia
2911,York County,Virginia
2912,Alexandria city,Virginia
2913,Bristol city,Virginia
2914,Buena Vista city,Virginia
2915,Charlottesville city,Virginia
2916,Chesapeake city,Virginia
2917,Colonial Heights city,Virginia
2918,Covington city,Virginia
2919,Danville city,Virginia
2920,Emporia city,Virginia
2921,Fairfax city,Virginia
2922,Falls Church city,Virginia
2923,Franklin city,Virginia
2924,Fredericksburg city,Virginia
2925,Galax city,Virginia
2926,Hampton city,Virginia
2927,Harrisonburg city,Virginia
2928,Hopewell city,Virginia
2929,Lexington city,Virginia
2930,Lynchburg city,Virginia
2931,Manassas city,Virginia
2932,Manassas Park city,Virginia
2933,Martinsville city,Virginia
2934,Newport News city,Virginia
2935,Norfolk city,Virginia
2936,Norton city,Virginia
2937,Petersburg city,Virginia
2938,Poquoson city,Virginia
2939,Portsmouth city,Virginia
2940,Radford city,Virginia
2941,Richmond city,Virginia
2942,Roanoke city,Virginia
2943,Salem city,Virginia
2944,Staunton city,Virginia
2945,Suffolk city,Virginia
2946,Virginia Beach city,Virginia
2947,Waynesboro city,Virginia
2948,Williamsburg city,Virginia
2949,Winchester city,Virginia
2950,Adams County,Washington
2951,Asotin County,Washington
2952,Benton County,Washington
2953,Chelan County,Washington
2954,Clallam County,Washington
2955,Clark County,Washington
2956,Columbia County,Washington
2957,Cowlitz County,Washington
2958,Douglas County,Washington
2959,Ferry County,Washington
2960,Franklin County,Washington
2961,Garfield County,Washington
2962,Grant County,Washington
2963,Grays Harbor County,Washington
2964,Island County,Washington
2965,Jefferson County,Washington
2966,King County,Washington
2967,Kitsap County,Washington
2968,Kittitas County,Washington
2969,Klickitat County,Washington
2970,Lewis County,Washington
2971,Lincoln County,Washington
2972,Mason County,Washington
2973,Okanogan County,Washington
2974,Pacific County,Washington
2975,Pend Oreille County,Washington
2976,Pierce County,Washington
2977,San Juan County,Washington
2978,Skagit County,Washington
2979,Skamania County,Washington
2980,Snohomish County,Washington
2981,Spokane County,Washington
2982,Stevens County,Washington
2983,Thurston County,Washington
2984,Wahkiakum County,Washington
2985,Walla Walla County,Washington
2986,Whatcom County,Washington
2987,Whitman County,Washington
2988,Yakima County,Washington
2989,Barbour County,West Virginia
2990,Berkeley County,West Virginia
2991,Boone County,West Virginia
2992,Braxton County,West Virginia
2993,Brooke County,West Virginia
2994,Cabell County,West Virginia
2995,Calhoun County,West Virginia
2996,Clay County,West Virginia
2997,Doddridge County,West Virginia
2998,Fayette County,West Virginia
2999,Gilmer County,West Virginia
3000,Grant County,West Virginia
3001,Greenbrier County,West Virginia
3002,Hampshire County,West Virginia
3003,Hancock County,West Virginia
3004,Hardy County,West Virginia
3005,Harrison County,West Virginia
3006,Jackson County,West Virginia
3007,Jefferson County,West Virginia
3008,Kanawha County,West Virginia
3009,Lewis County,West Virginia
3010,Lincoln County,West Virginia
3011,Logan County,West Virginia
3012,McDowell County,West Virginia
3013,Marion County,West Virginia
3014,Marshall County,West Virginia
3015,Mason County,West Virginia
3016,Mercer County,West Virginia
3017,Mineral County,West Virginia
3018,Mingo County,West Virginia
3019,Monongalia County,West Virginia
3020,Monroe County,West Virginia
3021,Morgan County,West Virginia
3022,Nicholas County,West Virginia
3023,Ohio County,West Virginia
3024,Pendleton County,West Virginia
3025,Pleasants County,West Virginia
3026,Pocahontas County,West Virginia
3027,Preston County,West Virginia
3028,Putnam County,West Virginia
3029,Raleigh County,West Virginia
3030,Randolph County,West Virginia
3031,Ritchie County,West Virginia
3032,Roane County,West Virginia
3033,Summers County,West Virginia
3034,Taylor County,West Virginia
3035,Tucker County,West Virginia
3036,Tyler County,West Virginia
3037,Upshur County,West Virginia
3038,Wayne County,West Virginia
3039,Webster County,West Virginia
3040,Wetzel County,West Virginia
3041,Wirt County,West Virginia
3042,Wood County,West Virginia
3043,Wyoming County,West Virginia
3044,Adams County,Wisconsin
3045,Ashland County,Wisconsin
3046,Barron County,Wisconsin
3047,Bayfield County,Wisconsin
3048,Brown County,Wisconsin
3049,Buffalo County,Wisconsin
3050,Burnett County,Wisconsin
3051,Calumet County,Wisconsin
3052,Chippewa County,Wisconsin
3053,Clark County,Wisconsin
3054,Columbia County,Wisconsin
3055,Crawford County,Wisconsin
3056,Dane County,Wisconsin
3057,Dodge County,Wisconsin
3058,Door County,Wisconsin
3059,Douglas County,Wisconsin
3060,Dunn County,Wisconsin
3061,Eau Claire County,Wisconsin
3062,Florence County,Wisconsin
3063,Fond du Lac County,Wisconsin
3064,Forest County,Wisconsin
3065,Grant County,Wisconsin
3066,Green County,Wisconsin
3067,Green Lake County,Wisconsin
3068,Iowa County,Wisconsin
3069,Iron County,Wisconsin
3070,Jackson County,Wisconsin
3071,Jefferson County,Wisconsin
3072,Juneau County,Wisconsin
3073,Kenosha County,Wisconsin
3074,Kewaunee County,Wisconsin
3075,La Crosse County,Wisconsin
3076,Lafayette County,Wisconsin
3077,Langlade County,Wisconsin
3078,Lincoln County,Wisconsin
3079,Manitowoc County,Wisconsin
3080,Marathon County,Wisconsin
3081,Marinette County,Wisconsin
3082,Marquette County,Wisconsin
3083,Menominee County,Wisconsin
3084,Milwaukee County,Wisconsin
3085,Monroe County,Wisconsin
3086,Oconto County,Wisconsin
3087,Oneida County,Wisconsin
3088,Outagamie County,Wisconsin
3089,Ozaukee County,Wisconsin
3090,Pepin County,Wisconsin
3091,Pierce County,Wisconsin
3092,Polk County,Wisconsin
3093,Portage County,Wisconsin
3094,Price County,Wisconsin
3095,Racine County,Wisconsin
3096,Richland County,Wisconsin
3097,Rock County,Wisconsin
3098,Rusk County,Wisconsin
3099,St. Croix County,Wisconsin
3100,Sauk County,Wisconsin
3101,Sawyer County,Wisconsin
3102,Shawano County,Wisconsin
3103,Sheboygan County,Wisconsin
3104,Taylor County,Wisconsin
3105,Trempealeau County,Wisconsin
3106,Vernon County,Wisconsin
3107,Vilas County,Wisconsin
3108,Walworth County,Wisconsin
3109,Washburn County,Wisconsin
3110,Washington County,Wisconsin
3111,Waukesha County,Wisconsin
3112,Waupaca County,Wisconsin
3113,Waushara County,Wisconsin
3114,Winnebago County,Wisconsin
3115,Wood County,Wisconsin
3116,Albany County,Wyoming
3117,Big Horn County,Wyoming
3118,Campbell County,Wyoming
3119,Carbon County,Wyoming
3120,Converse County,Wyoming
3121,Crook County,Wyoming
3122,Fremont County,Wyoming
3123,Goshen County,Wyoming
3124,Hot Springs County,Wyoming
3125,Johnson County,Wyoming
3126,Laramie County,Wyoming
3127,Lincoln County,Wyoming
3128,Natrona County,Wyoming
3129,Niobrara County,Wyoming
3130,Park County,Wyoming
3131,Platte County,Wyoming
3132,Sheridan County,Wyoming
3133,Sublette County,Wyoming
3134,Sweetwater County,Wyoming
3135,Teton County,Wyoming
3136,Uinta County,Wyoming
3137,Washakie County,Wyoming
3138,Weston County,Wyoming
3139,Yakutat City and Borough,Alaska
3140,Chugach Census Area,Alaska
3141,Copper River Census Area,Alaska
3142,Petersburg Borough,Alaska
